"Participant","Group","Line","Speaker","Text","AudioFile"
"01","Group1",1,"SA","Have you noticed how today's news seems to fly by faster than we can keep up? I feel like I'm constantly chasing information.","SA_1.mp3"
"01","Group1",2,"I","Absolutely. I listen to a podcast every morning to see what's happened in the world. Otherwise, I feel out of the loop before breakfast is even over.","I_2.mp3"
"01","Group1",3,"P","Right now, local politics is becoming the main headline of the daily paper. It's almost all anyone talks about anymore.",NA
"01","Group1",4,"SA","Yes, especially with the two candidates fighting to take the lead in the latest polls. It's a neck-and-neck race.","SA_4.mp3"
"01","Group1",5,"P","And they both promised to fix the roads before next winter... We'll see if that actually happens.",NA
"01","Group1",6,"I","Speaking of ambitious promises, did you see the news about space exploration? The new lunar base marks a major milestone.","I_6.mp3"
"01","Group1",7,"SA","Yes! Astronauts are preparing to live there for at least six consecutive months. It's fascinating.","SA_7.mp3"
"01","Group1",8,"I","This mission could really help us better understand the history of our solar system. We're living in an incredible era.","I_8.mp3"
"01","Group1",9,"P","Incredible... and a bit unstable too. Tech stocks plummeted suddenly during late afternoon trading.",NA
"01","Group1",10,"I","Investors are worried about the new regulations on artificial intelligence tools, apparently.","I_10.mp3"
"01","Group1",11,"I","Economic experts are still saying to stay calm despite the market volatility. Easier said than done.","I_11.mp3"
"01","Group1",12,"P","For sure. Hey, on a completely different note, a rare painting was discovered in a dusty old attic today.",NA
"01","Group1",13,"P","Yes, I read that! Art historians think it might belong to a famous Italian master.",NA
"01","Group1",14,"I","And the auction house expects a price of several million. It goes to show, you should always rummage through your grandparents' attics...","I_14.mp3"
"01","Group1",15,"SA","If only! Regarding scientific discoveries, climate change is affecting the migration patterns of many wild birds.","SA_15.mp3"
"01","Group1",16,"P","Yes, and they're arriving much earlier than they did only a decade ago.",NA
"01","Group1",17,"SA","Scientists are tracking their movements using small satellite tags; it's impressive.","SA_17.mp3"
"01","Group1",18,"P","Exactly. Migration patterns are being completely disrupted.",NA
"01","Group1",19,"SA","That reminds me of the Ministry of Health's report on sleep. They say most people need seven hours to stay efficient.","SA_19.mp3"
"01","Group1",20,"I","Yes, and that we should consume less caffeine in the evening to improve rest quality. I should probably stop having espressos after 6 p.m...","I_20.mp3"
"01","Group1",21,"I","Good resolution! Otherwise, did you see that the big film festival announced its official selection?","I_21.mp3"
"01","Group1",22,"SA","Yes, and it's mostly independent directors drawing attention this year, more so than the big studio stars.","SA_22.mp3"
"01","Group1",23,"P","That's for the best. I hope to see some truly creative stories on the big screen this summer.",NA
"01","Group1",24,"P","In the meantime, the national stadium will host the world finals next weekend.",NA
"01","Group1",25,"I","I know! Tickets sold out five minutes after they went online. It's crazy.","I_25.mp3"
"01","Group1",26,"SA","Fans are coming from every continent to support their favorite teams. The atmosphere is going to be electric.","SA_26.mp3"
"01","Group1",27,"SA","Our city is going to change its face again with all of this. Modern architecture is already transforming the skyline of our beautiful waterfront.","SA_27.mp3"
"01","Group1",28,"P","Yes, those new glass towers rising above the old port district... it's impressive, even if I'm a bit nostalgic.",NA
"01","Group1",29,"I","Me too. Maybe that's why I prefer reading a paper newspaper with a good hot coffee.","I_29.mp3"
"01","Group1",30,"SA","Same here. It feels good to disconnect from the digital world for a moment... especially when the news moves at a hundred miles an hour.","SA_30.mp3"
"02","Group1",1,"SA","Have you noticed how today's news seems to fly by faster than we can keep up? I feel like I'm constantly chasing information.","SA_1.mp3"
"02","Group1",2,"I","Absolutely. I listen to a podcast every morning to see what's happened in the world. Otherwise, I feel out of the loop before breakfast is even over.","I_2.mp3"
"02","Group1",3,"P","Right now, local politics is becoming the main headline of the daily paper. It's almost all anyone talks about anymore.",NA
"02","Group1",4,"SA","Yes, especially with the two candidates fighting to take the lead in the latest polls. It's a neck-and-neck race.","SA_4.mp3"
"02","Group1",5,"P","And they both promised to fix the roads before next winter... We'll see if that actually happens.",NA
"02","Group1",6,"I","Speaking of ambitious promises, did you see the news about space exploration? The new lunar base marks a major milestone.","I_6.mp3"
"02","Group1",7,"SA","Yes! Astronauts are preparing to live there for at least six consecutive months. It's fascinating.","SA_7.mp3"
"02","Group1",8,"I","This mission could really help us better understand the history of our solar system. We're living in an incredible era.","I_8.mp3"
"02","Group1",9,"P","Incredible... and a bit unstable too. Tech stocks plummeted suddenly during late afternoon trading.",NA
"02","Group1",10,"I","Investors are worried about the new regulations on artificial intelligence tools, apparently.","I_10.mp3"
"02","Group1",11,"I","Economic experts are still saying to stay calm despite the market volatility. Easier said than done.","I_11.mp3"
"02","Group1",12,"P","For sure. Hey, on a completely different note, a rare painting was discovered in a dusty old attic today.",NA
"02","Group1",13,"P","Yes, I read that! Art historians think it might belong to a famous Italian master.",NA
"02","Group1",14,"I","And the auction house expects a price of several million. It goes to show, you should always rummage through your grandparents' attics...","I_14.mp3"
"02","Group1",15,"SA","If only! Regarding scientific discoveries, climate change is affecting the migration patterns of many wild birds.","SA_15.mp3"
"02","Group1",16,"P","Yes, and they're arriving much earlier than they did only a decade ago.",NA
"02","Group1",17,"SA","Scientists are tracking their movements using small satellite tags; it's impressive.","SA_17.mp3"
"02","Group1",18,"P","Exactly. Migration patterns are being completely disrupted.",NA
"02","Group1",19,"SA","That reminds me of the Ministry of Health's report on sleep. They say most people need seven hours to stay efficient.","SA_19.mp3"
"02","Group1",20,"I","Yes, and that we should consume less caffeine in the evening to improve rest quality. I should probably stop having espressos after 6 p.m...","I_20.mp3"
"02","Group1",21,"I","Good resolution! Otherwise, did you see that the big film festival announced its official selection?","I_21.mp3"
"02","Group1",22,"SA","Yes, and it's mostly independent directors drawing attention this year, more so than the big studio stars.","SA_22.mp3"
"02","Group1",23,"P","That's for the best. I hope to see some truly creative stories on the big screen this summer.",NA
"02","Group1",24,"P","In the meantime, the national stadium will host the world finals next weekend.",NA
"02","Group1",25,"I","I know! Tickets sold out five minutes after they went online. It's crazy.","I_25.mp3"
"02","Group1",26,"SA","Fans are coming from every continent to support their favorite teams. The atmosphere is going to be electric.","SA_26.mp3"
"02","Group1",27,"SA","Our city is going to change its face again with all of this. Modern architecture is already transforming the skyline of our beautiful waterfront.","SA_27.mp3"
"02","Group1",28,"P","Yes, those new glass towers rising above the old port district... it's impressive, even if I'm a bit nostalgic.",NA
"02","Group1",29,"I","Me too. Maybe that's why I prefer reading a paper newspaper with a good hot coffee.","I_29.mp3"
"02","Group1",30,"SA","Same here. It feels good to disconnect from the digital world for a moment... especially when the news moves at a hundred miles an hour.","SA_30.mp3"
"03","Group1",1,"SA","Have you noticed how today's news seems to fly by faster than we can keep up? I feel like I'm constantly chasing information.","SA_1.mp3"
"03","Group1",2,"I","Absolutely. I listen to a podcast every morning to see what's happened in the world. Otherwise, I feel out of the loop before breakfast is even over.","I_2.mp3"
"03","Group1",3,"P","Right now, local politics is becoming the main headline of the daily paper. It's almost all anyone talks about anymore.",NA
"03","Group1",4,"SA","Yes, especially with the two candidates fighting to take the lead in the latest polls. It's a neck-and-neck race.","SA_4.mp3"
"03","Group1",5,"P","And they both promised to fix the roads before next winter... We'll see if that actually happens.",NA
"03","Group1",6,"I","Speaking of ambitious promises, did you see the news about space exploration? The new lunar base marks a major milestone.","I_6.mp3"
"03","Group1",7,"SA","Yes! Astronauts are preparing to live there for at least six consecutive months. It's fascinating.","SA_7.mp3"
"03","Group1",8,"I","This mission could really help us better understand the history of our solar system. We're living in an incredible era.","I_8.mp3"
"03","Group1",9,"P","Incredible... and a bit unstable too. Tech stocks plummeted suddenly during late afternoon trading.",NA
"03","Group1",10,"I","Investors are worried about the new regulations on artificial intelligence tools, apparently.","I_10.mp3"
"03","Group1",11,"I","Economic experts are still saying to stay calm despite the market volatility. Easier said than done.","I_11.mp3"
"03","Group1",12,"P","For sure. Hey, on a completely different note, a rare painting was discovered in a dusty old attic today.",NA
"03","Group1",13,"P","Yes, I read that! Art historians think it might belong to a famous Italian master.",NA
"03","Group1",14,"I","And the auction house expects a price of several million. It goes to show, you should always rummage through your grandparents' attics...","I_14.mp3"
"03","Group1",15,"SA","If only! Regarding scientific discoveries, climate change is affecting the migration patterns of many wild birds.","SA_15.mp3"
"03","Group1",16,"P","Yes, and they're arriving much earlier than they did only a decade ago.",NA
"03","Group1",17,"SA","Scientists are tracking their movements using small satellite tags; it's impressive.","SA_17.mp3"
"03","Group1",18,"P","Exactly. Migration patterns are being completely disrupted.",NA
"03","Group1",19,"SA","That reminds me of the Ministry of Health's report on sleep. They say most people need seven hours to stay efficient.","SA_19.mp3"
"03","Group1",20,"I","Yes, and that we should consume less caffeine in the evening to improve rest quality. I should probably stop having espressos after 6 p.m...","I_20.mp3"
"03","Group1",21,"I","Good resolution! Otherwise, did you see that the big film festival announced its official selection?","I_21.mp3"
"03","Group1",22,"SA","Yes, and it's mostly independent directors drawing attention this year, more so than the big studio stars.","SA_22.mp3"
"03","Group1",23,"P","That's for the best. I hope to see some truly creative stories on the big screen this summer.",NA
"03","Group1",24,"P","In the meantime, the national stadium will host the world finals next weekend.",NA
"03","Group1",25,"I","I know! Tickets sold out five minutes after they went online. It's crazy.","I_25.mp3"
"03","Group1",26,"SA","Fans are coming from every continent to support their favorite teams. The atmosphere is going to be electric.","SA_26.mp3"
"03","Group1",27,"SA","Our city is going to change its face again with all of this. Modern architecture is already transforming the skyline of our beautiful waterfront.","SA_27.mp3"
"03","Group1",28,"P","Yes, those new glass towers rising above the old port district... it's impressive, even if I'm a bit nostalgic.",NA
"03","Group1",29,"I","Me too. Maybe that's why I prefer reading a paper newspaper with a good hot coffee.","I_29.mp3"
"03","Group1",30,"SA","Same here. It feels good to disconnect from the digital world for a moment... especially when the news moves at a hundred miles an hour.","SA_30.mp3"
"04","Group1",1,"SA","Have you noticed how today's news seems to fly by faster than we can keep up? I feel like I'm constantly chasing information.","SA_1.mp3"
"04","Group1",2,"I","Absolutely. I listen to a podcast every morning to see what's happened in the world. Otherwise, I feel out of the loop before breakfast is even over.","I_2.mp3"
"04","Group1",3,"P","Right now, local politics is becoming the main headline of the daily paper. It's almost all anyone talks about anymore.",NA
"04","Group1",4,"SA","Yes, especially with the two candidates fighting to take the lead in the latest polls. It's a neck-and-neck race.","SA_4.mp3"
"04","Group1",5,"P","And they both promised to fix the roads before next winter... We'll see if that actually happens.",NA
"04","Group1",6,"I","Speaking of ambitious promises, did you see the news about space exploration? The new lunar base marks a major milestone.","I_6.mp3"
"04","Group1",7,"SA","Yes! Astronauts are preparing to live there for at least six consecutive months. It's fascinating.","SA_7.mp3"
"04","Group1",8,"I","This mission could really help us better understand the history of our solar system. We're living in an incredible era.","I_8.mp3"
"04","Group1",9,"P","Incredible... and a bit unstable too. Tech stocks plummeted suddenly during late afternoon trading.",NA
"04","Group1",10,"I","Investors are worried about the new regulations on artificial intelligence tools, apparently.","I_10.mp3"
"04","Group1",11,"I","Economic experts are still saying to stay calm despite the market volatility. Easier said than done.","I_11.mp3"
"04","Group1",12,"P","For sure. Hey, on a completely different note, a rare painting was discovered in a dusty old attic today.",NA
"04","Group1",13,"P","Yes, I read that! Art historians think it might belong to a famous Italian master.",NA
"04","Group1",14,"I","And the auction house expects a price of several million. It goes to show, you should always rummage through your grandparents' attics...","I_14.mp3"
"04","Group1",15,"SA","If only! Regarding scientific discoveries, climate change is affecting the migration patterns of many wild birds.","SA_15.mp3"
"04","Group1",16,"P","Yes, and they're arriving much earlier than they did only a decade ago.",NA
"04","Group1",17,"SA","Scientists are tracking their movements using small satellite tags; it's impressive.","SA_17.mp3"
"04","Group1",18,"P","Exactly. Migration patterns are being completely disrupted.",NA
"04","Group1",19,"SA","That reminds me of the Ministry of Health's report on sleep. They say most people need seven hours to stay efficient.","SA_19.mp3"
"04","Group1",20,"I","Yes, and that we should consume less caffeine in the evening to improve rest quality. I should probably stop having espressos after 6 p.m...","I_20.mp3"
"04","Group1",21,"I","Good resolution! Otherwise, did you see that the big film festival announced its official selection?","I_21.mp3"
"04","Group1",22,"SA","Yes, and it's mostly independent directors drawing attention this year, more so than the big studio stars.","SA_22.mp3"
"04","Group1",23,"P","That's for the best. I hope to see some truly creative stories on the big screen this summer.",NA
"04","Group1",24,"P","In the meantime, the national stadium will host the world finals next weekend.",NA
"04","Group1",25,"I","I know! Tickets sold out five minutes after they went online. It's crazy.","I_25.mp3"
"04","Group1",26,"SA","Fans are coming from every continent to support their favorite teams. The atmosphere is going to be electric.","SA_26.mp3"
"04","Group1",27,"SA","Our city is going to change its face again with all of this. Modern architecture is already transforming the skyline of our beautiful waterfront.","SA_27.mp3"
"04","Group1",28,"P","Yes, those new glass towers rising above the old port district... it's impressive, even if I'm a bit nostalgic.",NA
"04","Group1",29,"I","Me too. Maybe that's why I prefer reading a paper newspaper with a good hot coffee.","I_29.mp3"
"04","Group1",30,"SA","Same here. It feels good to disconnect from the digital world for a moment... especially when the news moves at a hundred miles an hour.","SA_30.mp3"
"05","Group1",1,"SA","Have you noticed how today's news seems to fly by faster than we can keep up? I feel like I'm constantly chasing information.","SA_1.mp3"
"05","Group1",2,"I","Absolutely. I listen to a podcast every morning to see what's happened in the world. Otherwise, I feel out of the loop before breakfast is even over.","I_2.mp3"
"05","Group1",3,"P","Right now, local politics is becoming the main headline of the daily paper. It's almost all anyone talks about anymore.",NA
"05","Group1",4,"SA","Yes, especially with the two candidates fighting to take the lead in the latest polls. It's a neck-and-neck race.","SA_4.mp3"
"05","Group1",5,"P","And they both promised to fix the roads before next winter... We'll see if that actually happens.",NA
"05","Group1",6,"I","Speaking of ambitious promises, did you see the news about space exploration? The new lunar base marks a major milestone.","I_6.mp3"
"05","Group1",7,"SA","Yes! Astronauts are preparing to live there for at least six consecutive months. It's fascinating.","SA_7.mp3"
"05","Group1",8,"I","This mission could really help us better understand the history of our solar system. We're living in an incredible era.","I_8.mp3"
"05","Group1",9,"P","Incredible... and a bit unstable too. Tech stocks plummeted suddenly during late afternoon trading.",NA
"05","Group1",10,"I","Investors are worried about the new regulations on artificial intelligence tools, apparently.","I_10.mp3"
"05","Group1",11,"I","Economic experts are still saying to stay calm despite the market volatility. Easier said than done.","I_11.mp3"
"05","Group1",12,"P","For sure. Hey, on a completely different note, a rare painting was discovered in a dusty old attic today.",NA
"05","Group1",13,"P","Yes, I read that! Art historians think it might belong to a famous Italian master.",NA
"05","Group1",14,"I","And the auction house expects a price of several million. It goes to show, you should always rummage through your grandparents' attics...","I_14.mp3"
"05","Group1",15,"SA","If only! Regarding scientific discoveries, climate change is affecting the migration patterns of many wild birds.","SA_15.mp3"
"05","Group1",16,"P","Yes, and they're arriving much earlier than they did only a decade ago.",NA
"05","Group1",17,"SA","Scientists are tracking their movements using small satellite tags; it's impressive.","SA_17.mp3"
"05","Group1",18,"P","Exactly. Migration patterns are being completely disrupted.",NA
"05","Group1",19,"SA","That reminds me of the Ministry of Health's report on sleep. They say most people need seven hours to stay efficient.","SA_19.mp3"
"05","Group1",20,"I","Yes, and that we should consume less caffeine in the evening to improve rest quality. I should probably stop having espressos after 6 p.m...","I_20.mp3"
"05","Group1",21,"I","Good resolution! Otherwise, did you see that the big film festival announced its official selection?","I_21.mp3"
"05","Group1",22,"SA","Yes, and it's mostly independent directors drawing attention this year, more so than the big studio stars.","SA_22.mp3"
"05","Group1",23,"P","That's for the best. I hope to see some truly creative stories on the big screen this summer.",NA
"05","Group1",24,"P","In the meantime, the national stadium will host the world finals next weekend.",NA
"05","Group1",25,"I","I know! Tickets sold out five minutes after they went online. It's crazy.","I_25.mp3"
"05","Group1",26,"SA","Fans are coming from every continent to support their favorite teams. The atmosphere is going to be electric.","SA_26.mp3"
"05","Group1",27,"SA","Our city is going to change its face again with all of this. Modern architecture is already transforming the skyline of our beautiful waterfront.","SA_27.mp3"
"05","Group1",28,"P","Yes, those new glass towers rising above the old port district... it's impressive, even if I'm a bit nostalgic.",NA
"05","Group1",29,"I","Me too. Maybe that's why I prefer reading a paper newspaper with a good hot coffee.","I_29.mp3"
"05","Group1",30,"SA","Same here. It feels good to disconnect from the digital world for a moment... especially when the news moves at a hundred miles an hour.","SA_30.mp3"
"06","Group1",1,"SA","Have you noticed how today's news seems to fly by faster than we can keep up? I feel like I'm constantly chasing information.","SA_1.mp3"
"06","Group1",2,"I","Absolutely. I listen to a podcast every morning to see what's happened in the world. Otherwise, I feel out of the loop before breakfast is even over.","I_2.mp3"
"06","Group1",3,"P","Right now, local politics is becoming the main headline of the daily paper. It's almost all anyone talks about anymore.",NA
"06","Group1",4,"SA","Yes, especially with the two candidates fighting to take the lead in the latest polls. It's a neck-and-neck race.","SA_4.mp3"
"06","Group1",5,"P","And they both promised to fix the roads before next winter... We'll see if that actually happens.",NA
"06","Group1",6,"I","Speaking of ambitious promises, did you see the news about space exploration? The new lunar base marks a major milestone.","I_6.mp3"
"06","Group1",7,"SA","Yes! Astronauts are preparing to live there for at least six consecutive months. It's fascinating.","SA_7.mp3"
"06","Group1",8,"I","This mission could really help us better understand the history of our solar system. We're living in an incredible era.","I_8.mp3"
"06","Group1",9,"P","Incredible... and a bit unstable too. Tech stocks plummeted suddenly during late afternoon trading.",NA
"06","Group1",10,"I","Investors are worried about the new regulations on artificial intelligence tools, apparently.","I_10.mp3"
"06","Group1",11,"I","Economic experts are still saying to stay calm despite the market volatility. Easier said than done.","I_11.mp3"
"06","Group1",12,"P","For sure. Hey, on a completely different note, a rare painting was discovered in a dusty old attic today.",NA
"06","Group1",13,"P","Yes, I read that! Art historians think it might belong to a famous Italian master.",NA
"06","Group1",14,"I","And the auction house expects a price of several million. It goes to show, you should always rummage through your grandparents' attics...","I_14.mp3"
"06","Group1",15,"SA","If only! Regarding scientific discoveries, climate change is affecting the migration patterns of many wild birds.","SA_15.mp3"
"06","Group1",16,"P","Yes, and they're arriving much earlier than they did only a decade ago.",NA
"06","Group1",17,"SA","Scientists are tracking their movements using small satellite tags; it's impressive.","SA_17.mp3"
"06","Group1",18,"P","Exactly. Migration patterns are being completely disrupted.",NA
"06","Group1",19,"SA","That reminds me of the Ministry of Health's report on sleep. They say most people need seven hours to stay efficient.","SA_19.mp3"
"06","Group1",20,"I","Yes, and that we should consume less caffeine in the evening to improve rest quality. I should probably stop having espressos after 6 p.m...","I_20.mp3"
"06","Group1",21,"I","Good resolution! Otherwise, did you see that the big film festival announced its official selection?","I_21.mp3"
"06","Group1",22,"SA","Yes, and it's mostly independent directors drawing attention this year, more so than the big studio stars.","SA_22.mp3"
"06","Group1",23,"P","That's for the best. I hope to see some truly creative stories on the big screen this summer.",NA
"06","Group1",24,"P","In the meantime, the national stadium will host the world finals next weekend.",NA
"06","Group1",25,"I","I know! Tickets sold out five minutes after they went online. It's crazy.","I_25.mp3"
"06","Group1",26,"SA","Fans are coming from every continent to support their favorite teams. The atmosphere is going to be electric.","SA_26.mp3"
"06","Group1",27,"SA","Our city is going to change its face again with all of this. Modern architecture is already transforming the skyline of our beautiful waterfront.","SA_27.mp3"
"06","Group1",28,"P","Yes, those new glass towers rising above the old port district... it's impressive, even if I'm a bit nostalgic.",NA
"06","Group1",29,"I","Me too. Maybe that's why I prefer reading a paper newspaper with a good hot coffee.","I_29.mp3"
"06","Group1",30,"SA","Same here. It feels good to disconnect from the digital world for a moment... especially when the news moves at a hundred miles an hour.","SA_30.mp3"
"07","Group1",1,"SA","Have you noticed how today's news seems to fly by faster than we can keep up? I feel like I'm constantly chasing information.","SA_1.mp3"
"07","Group1",2,"I","Absolutely. I listen to a podcast every morning to see what's happened in the world. Otherwise, I feel out of the loop before breakfast is even over.","I_2.mp3"
"07","Group1",3,"P","Right now, local politics is becoming the main headline of the daily paper. It's almost all anyone talks about anymore.",NA
"07","Group1",4,"SA","Yes, especially with the two candidates fighting to take the lead in the latest polls. It's a neck-and-neck race.","SA_4.mp3"
"07","Group1",5,"P","And they both promised to fix the roads before next winter... We'll see if that actually happens.",NA
"07","Group1",6,"I","Speaking of ambitious promises, did you see the news about space exploration? The new lunar base marks a major milestone.","I_6.mp3"
"07","Group1",7,"SA","Yes! Astronauts are preparing to live there for at least six consecutive months. It's fascinating.","SA_7.mp3"
"07","Group1",8,"I","This mission could really help us better understand the history of our solar system. We're living in an incredible era.","I_8.mp3"
"07","Group1",9,"P","Incredible... and a bit unstable too. Tech stocks plummeted suddenly during late afternoon trading.",NA
"07","Group1",10,"I","Investors are worried about the new regulations on artificial intelligence tools, apparently.","I_10.mp3"
"07","Group1",11,"I","Economic experts are still saying to stay calm despite the market volatility. Easier said than done.","I_11.mp3"
"07","Group1",12,"P","For sure. Hey, on a completely different note, a rare painting was discovered in a dusty old attic today.",NA
"07","Group1",13,"P","Yes, I read that! Art historians think it might belong to a famous Italian master.",NA
"07","Group1",14,"I","And the auction house expects a price of several million. It goes to show, you should always rummage through your grandparents' attics...","I_14.mp3"
"07","Group1",15,"SA","If only! Regarding scientific discoveries, climate change is affecting the migration patterns of many wild birds.","SA_15.mp3"
"07","Group1",16,"P","Yes, and they're arriving much earlier than they did only a decade ago.",NA
"07","Group1",17,"SA","Scientists are tracking their movements using small satellite tags; it's impressive.","SA_17.mp3"
"07","Group1",18,"P","Exactly. Migration patterns are being completely disrupted.",NA
"07","Group1",19,"SA","That reminds me of the Ministry of Health's report on sleep. They say most people need seven hours to stay efficient.","SA_19.mp3"
"07","Group1",20,"I","Yes, and that we should consume less caffeine in the evening to improve rest quality. I should probably stop having espressos after 6 p.m...","I_20.mp3"
"07","Group1",21,"I","Good resolution! Otherwise, did you see that the big film festival announced its official selection?","I_21.mp3"
"07","Group1",22,"SA","Yes, and it's mostly independent directors drawing attention this year, more so than the big studio stars.","SA_22.mp3"
"07","Group1",23,"P","That's for the best. I hope to see some truly creative stories on the big screen this summer.",NA
"07","Group1",24,"P","In the meantime, the national stadium will host the world finals next weekend.",NA
"07","Group1",25,"I","I know! Tickets sold out five minutes after they went online. It's crazy.","I_25.mp3"
"07","Group1",26,"SA","Fans are coming from every continent to support their favorite teams. The atmosphere is going to be electric.","SA_26.mp3"
"07","Group1",27,"SA","Our city is going to change its face again with all of this. Modern architecture is already transforming the skyline of our beautiful waterfront.","SA_27.mp3"
"07","Group1",28,"P","Yes, those new glass towers rising above the old port district... it's impressive, even if I'm a bit nostalgic.",NA
"07","Group1",29,"I","Me too. Maybe that's why I prefer reading a paper newspaper with a good hot coffee.","I_29.mp3"
"07","Group1",30,"SA","Same here. It feels good to disconnect from the digital world for a moment... especially when the news moves at a hundred miles an hour.","SA_30.mp3"
"08","Group1",1,"SA","Have you noticed how today's news seems to fly by faster than we can keep up? I feel like I'm constantly chasing information.","SA_1.mp3"
"08","Group1",2,"I","Absolutely. I listen to a podcast every morning to see what's happened in the world. Otherwise, I feel out of the loop before breakfast is even over.","I_2.mp3"
"08","Group1",3,"P","Right now, local politics is becoming the main headline of the daily paper. It's almost all anyone talks about anymore.",NA
"08","Group1",4,"SA","Yes, especially with the two candidates fighting to take the lead in the latest polls. It's a neck-and-neck race.","SA_4.mp3"
"08","Group1",5,"P","And they both promised to fix the roads before next winter... We'll see if that actually happens.",NA
"08","Group1",6,"I","Speaking of ambitious promises, did you see the news about space exploration? The new lunar base marks a major milestone.","I_6.mp3"
"08","Group1",7,"SA","Yes! Astronauts are preparing to live there for at least six consecutive months. It's fascinating.","SA_7.mp3"
"08","Group1",8,"I","This mission could really help us better understand the history of our solar system. We're living in an incredible era.","I_8.mp3"
"08","Group1",9,"P","Incredible... and a bit unstable too. Tech stocks plummeted suddenly during late afternoon trading.",NA
"08","Group1",10,"I","Investors are worried about the new regulations on artificial intelligence tools, apparently.","I_10.mp3"
"08","Group1",11,"I","Economic experts are still saying to stay calm despite the market volatility. Easier said than done.","I_11.mp3"
"08","Group1",12,"P","For sure. Hey, on a completely different note, a rare painting was discovered in a dusty old attic today.",NA
"08","Group1",13,"P","Yes, I read that! Art historians think it might belong to a famous Italian master.",NA
"08","Group1",14,"I","And the auction house expects a price of several million. It goes to show, you should always rummage through your grandparents' attics...","I_14.mp3"
"08","Group1",15,"SA","If only! Regarding scientific discoveries, climate change is affecting the migration patterns of many wild birds.","SA_15.mp3"
"08","Group1",16,"P","Yes, and they're arriving much earlier than they did only a decade ago.",NA
"08","Group1",17,"SA","Scientists are tracking their movements using small satellite tags; it's impressive.","SA_17.mp3"
"08","Group1",18,"P","Exactly. Migration patterns are being completely disrupted.",NA
"08","Group1",19,"SA","That reminds me of the Ministry of Health's report on sleep. They say most people need seven hours to stay efficient.","SA_19.mp3"
"08","Group1",20,"I","Yes, and that we should consume less caffeine in the evening to improve rest quality. I should probably stop having espressos after 6 p.m...","I_20.mp3"
"08","Group1",21,"I","Good resolution! Otherwise, did you see that the big film festival announced its official selection?","I_21.mp3"
"08","Group1",22,"SA","Yes, and it's mostly independent directors drawing attention this year, more so than the big studio stars.","SA_22.mp3"
"08","Group1",23,"P","That's for the best. I hope to see some truly creative stories on the big screen this summer.",NA
"08","Group1",24,"P","In the meantime, the national stadium will host the world finals next weekend.",NA
"08","Group1",25,"I","I know! Tickets sold out five minutes after they went online. It's crazy.","I_25.mp3"
"08","Group1",26,"SA","Fans are coming from every continent to support their favorite teams. The atmosphere is going to be electric.","SA_26.mp3"
"08","Group1",27,"SA","Our city is going to change its face again with all of this. Modern architecture is already transforming the skyline of our beautiful waterfront.","SA_27.mp3"
"08","Group1",28,"P","Yes, those new glass towers rising above the old port district... it's impressive, even if I'm a bit nostalgic.",NA
"08","Group1",29,"I","Me too. Maybe that's why I prefer reading a paper newspaper with a good hot coffee.","I_29.mp3"
"08","Group1",30,"SA","Same here. It feels good to disconnect from the digital world for a moment... especially when the news moves at a hundred miles an hour.","SA_30.mp3"
"09","Group1",1,"SA","Have you noticed how today's news seems to fly by faster than we can keep up? I feel like I'm constantly chasing information.","SA_1.mp3"
"09","Group1",2,"I","Absolutely. I listen to a podcast every morning to see what's happened in the world. Otherwise, I feel out of the loop before breakfast is even over.","I_2.mp3"
"09","Group1",3,"P","Right now, local politics is becoming the main headline of the daily paper. It's almost all anyone talks about anymore.",NA
"09","Group1",4,"SA","Yes, especially with the two candidates fighting to take the lead in the latest polls. It's a neck-and-neck race.","SA_4.mp3"
"09","Group1",5,"P","And they both promised to fix the roads before next winter... We'll see if that actually happens.",NA
"09","Group1",6,"I","Speaking of ambitious promises, did you see the news about space exploration? The new lunar base marks a major milestone.","I_6.mp3"
"09","Group1",7,"SA","Yes! Astronauts are preparing to live there for at least six consecutive months. It's fascinating.","SA_7.mp3"
"09","Group1",8,"I","This mission could really help us better understand the history of our solar system. We're living in an incredible era.","I_8.mp3"
"09","Group1",9,"P","Incredible... and a bit unstable too. Tech stocks plummeted suddenly during late afternoon trading.",NA
"09","Group1",10,"I","Investors are worried about the new regulations on artificial intelligence tools, apparently.","I_10.mp3"
"09","Group1",11,"I","Economic experts are still saying to stay calm despite the market volatility. Easier said than done.","I_11.mp3"
"09","Group1",12,"P","For sure. Hey, on a completely different note, a rare painting was discovered in a dusty old attic today.",NA
"09","Group1",13,"P","Yes, I read that! Art historians think it might belong to a famous Italian master.",NA
"09","Group1",14,"I","And the auction house expects a price of several million. It goes to show, you should always rummage through your grandparents' attics...","I_14.mp3"
"09","Group1",15,"SA","If only! Regarding scientific discoveries, climate change is affecting the migration patterns of many wild birds.","SA_15.mp3"
"09","Group1",16,"P","Yes, and they're arriving much earlier than they did only a decade ago.",NA
"09","Group1",17,"SA","Scientists are tracking their movements using small satellite tags; it's impressive.","SA_17.mp3"
"09","Group1",18,"P","Exactly. Migration patterns are being completely disrupted.",NA
"09","Group1",19,"SA","That reminds me of the Ministry of Health's report on sleep. They say most people need seven hours to stay efficient.","SA_19.mp3"
"09","Group1",20,"I","Yes, and that we should consume less caffeine in the evening to improve rest quality. I should probably stop having espressos after 6 p.m...","I_20.mp3"
"09","Group1",21,"I","Good resolution! Otherwise, did you see that the big film festival announced its official selection?","I_21.mp3"
"09","Group1",22,"SA","Yes, and it's mostly independent directors drawing attention this year, more so than the big studio stars.","SA_22.mp3"
"09","Group1",23,"P","That's for the best. I hope to see some truly creative stories on the big screen this summer.",NA
"09","Group1",24,"P","In the meantime, the national stadium will host the world finals next weekend.",NA
"09","Group1",25,"I","I know! Tickets sold out five minutes after they went online. It's crazy.","I_25.mp3"
"09","Group1",26,"SA","Fans are coming from every continent to support their favorite teams. The atmosphere is going to be electric.","SA_26.mp3"
"09","Group1",27,"SA","Our city is going to change its face again with all of this. Modern architecture is already transforming the skyline of our beautiful waterfront.","SA_27.mp3"
"09","Group1",28,"P","Yes, those new glass towers rising above the old port district... it's impressive, even if I'm a bit nostalgic.",NA
"09","Group1",29,"I","Me too. Maybe that's why I prefer reading a paper newspaper with a good hot coffee.","I_29.mp3"
"09","Group1",30,"SA","Same here. It feels good to disconnect from the digital world for a moment... especially when the news moves at a hundred miles an hour.","SA_30.mp3"
"10","Group1",1,"SA","Have you noticed how today's news seems to fly by faster than we can keep up? I feel like I'm constantly chasing information.","SA_1.mp3"
"10","Group1",2,"I","Absolutely. I listen to a podcast every morning to see what's happened in the world. Otherwise, I feel out of the loop before breakfast is even over.","I_2.mp3"
"10","Group1",3,"P","Right now, local politics is becoming the main headline of the daily paper. It's almost all anyone talks about anymore.",NA
"10","Group1",4,"SA","Yes, especially with the two candidates fighting to take the lead in the latest polls. It's a neck-and-neck race.","SA_4.mp3"
"10","Group1",5,"P","And they both promised to fix the roads before next winter... We'll see if that actually happens.",NA
"10","Group1",6,"I","Speaking of ambitious promises, did you see the news about space exploration? The new lunar base marks a major milestone.","I_6.mp3"
"10","Group1",7,"SA","Yes! Astronauts are preparing to live there for at least six consecutive months. It's fascinating.","SA_7.mp3"
"10","Group1",8,"I","This mission could really help us better understand the history of our solar system. We're living in an incredible era.","I_8.mp3"
"10","Group1",9,"P","Incredible... and a bit unstable too. Tech stocks plummeted suddenly during late afternoon trading.",NA
"10","Group1",10,"I","Investors are worried about the new regulations on artificial intelligence tools, apparently.","I_10.mp3"
"10","Group1",11,"I","Economic experts are still saying to stay calm despite the market volatility. Easier said than done.","I_11.mp3"
"10","Group1",12,"P","For sure. Hey, on a completely different note, a rare painting was discovered in a dusty old attic today.",NA
"10","Group1",13,"P","Yes, I read that! Art historians think it might belong to a famous Italian master.",NA
"10","Group1",14,"I","And the auction house expects a price of several million. It goes to show, you should always rummage through your grandparents' attics...","I_14.mp3"
"10","Group1",15,"SA","If only! Regarding scientific discoveries, climate change is affecting the migration patterns of many wild birds.","SA_15.mp3"
"10","Group1",16,"P","Yes, and they're arriving much earlier than they did only a decade ago.",NA
"10","Group1",17,"SA","Scientists are tracking their movements using small satellite tags; it's impressive.","SA_17.mp3"
"10","Group1",18,"P","Exactly. Migration patterns are being completely disrupted.",NA
"10","Group1",19,"SA","That reminds me of the Ministry of Health's report on sleep. They say most people need seven hours to stay efficient.","SA_19.mp3"
"10","Group1",20,"I","Yes, and that we should consume less caffeine in the evening to improve rest quality. I should probably stop having espressos after 6 p.m...","I_20.mp3"
"10","Group1",21,"I","Good resolution! Otherwise, did you see that the big film festival announced its official selection?","I_21.mp3"
"10","Group1",22,"SA","Yes, and it's mostly independent directors drawing attention this year, more so than the big studio stars.","SA_22.mp3"
"10","Group1",23,"P","That's for the best. I hope to see some truly creative stories on the big screen this summer.",NA
"10","Group1",24,"P","In the meantime, the national stadium will host the world finals next weekend.",NA
"10","Group1",25,"I","I know! Tickets sold out five minutes after they went online. It's crazy.","I_25.mp3"
"10","Group1",26,"SA","Fans are coming from every continent to support their favorite teams. The atmosphere is going to be electric.","SA_26.mp3"
"10","Group1",27,"SA","Our city is going to change its face again with all of this. Modern architecture is already transforming the skyline of our beautiful waterfront.","SA_27.mp3"
"10","Group1",28,"P","Yes, those new glass towers rising above the old port district... it's impressive, even if I'm a bit nostalgic.",NA
"10","Group1",29,"I","Me too. Maybe that's why I prefer reading a paper newspaper with a good hot coffee.","I_29.mp3"
"10","Group1",30,"SA","Same here. It feels good to disconnect from the digital world for a moment... especially when the news moves at a hundred miles an hour.","SA_30.mp3"
"11","Group1",1,"SA","Have you noticed how today's news seems to fly by faster than we can keep up? I feel like I'm constantly chasing information.","SA_1.mp3"
"11","Group1",2,"I","Absolutely. I listen to a podcast every morning to see what's happened in the world. Otherwise, I feel out of the loop before breakfast is even over.","I_2.mp3"
"11","Group1",3,"P","Right now, local politics is becoming the main headline of the daily paper. It's almost all anyone talks about anymore.",NA
"11","Group1",4,"SA","Yes, especially with the two candidates fighting to take the lead in the latest polls. It's a neck-and-neck race.","SA_4.mp3"
"11","Group1",5,"P","And they both promised to fix the roads before next winter... We'll see if that actually happens.",NA
"11","Group1",6,"I","Speaking of ambitious promises, did you see the news about space exploration? The new lunar base marks a major milestone.","I_6.mp3"
"11","Group1",7,"SA","Yes! Astronauts are preparing to live there for at least six consecutive months. It's fascinating.","SA_7.mp3"
"11","Group1",8,"I","This mission could really help us better understand the history of our solar system. We're living in an incredible era.","I_8.mp3"
"11","Group1",9,"P","Incredible... and a bit unstable too. Tech stocks plummeted suddenly during late afternoon trading.",NA
"11","Group1",10,"I","Investors are worried about the new regulations on artificial intelligence tools, apparently.","I_10.mp3"
"11","Group1",11,"I","Economic experts are still saying to stay calm despite the market volatility. Easier said than done.","I_11.mp3"
"11","Group1",12,"P","For sure. Hey, on a completely different note, a rare painting was discovered in a dusty old attic today.",NA
"11","Group1",13,"P","Yes, I read that! Art historians think it might belong to a famous Italian master.",NA
"11","Group1",14,"I","And the auction house expects a price of several million. It goes to show, you should always rummage through your grandparents' attics...","I_14.mp3"
"11","Group1",15,"SA","If only! Regarding scientific discoveries, climate change is affecting the migration patterns of many wild birds.","SA_15.mp3"
"11","Group1",16,"P","Yes, and they're arriving much earlier than they did only a decade ago.",NA
"11","Group1",17,"SA","Scientists are tracking their movements using small satellite tags; it's impressive.","SA_17.mp3"
"11","Group1",18,"P","Exactly. Migration patterns are being completely disrupted.",NA
"11","Group1",19,"SA","That reminds me of the Ministry of Health's report on sleep. They say most people need seven hours to stay efficient.","SA_19.mp3"
"11","Group1",20,"I","Yes, and that we should consume less caffeine in the evening to improve rest quality. I should probably stop having espressos after 6 p.m...","I_20.mp3"
"11","Group1",21,"I","Good resolution! Otherwise, did you see that the big film festival announced its official selection?","I_21.mp3"
"11","Group1",22,"SA","Yes, and it's mostly independent directors drawing attention this year, more so than the big studio stars.","SA_22.mp3"
"11","Group1",23,"P","That's for the best. I hope to see some truly creative stories on the big screen this summer.",NA
"11","Group1",24,"P","In the meantime, the national stadium will host the world finals next weekend.",NA
"11","Group1",25,"I","I know! Tickets sold out five minutes after they went online. It's crazy.","I_25.mp3"
"11","Group1",26,"SA","Fans are coming from every continent to support their favorite teams. The atmosphere is going to be electric.","SA_26.mp3"
"11","Group1",27,"SA","Our city is going to change its face again with all of this. Modern architecture is already transforming the skyline of our beautiful waterfront.","SA_27.mp3"
"11","Group1",28,"P","Yes, those new glass towers rising above the old port district... it's impressive, even if I'm a bit nostalgic.",NA
"11","Group1",29,"I","Me too. Maybe that's why I prefer reading a paper newspaper with a good hot coffee.","I_29.mp3"
"11","Group1",30,"SA","Same here. It feels good to disconnect from the digital world for a moment... especially when the news moves at a hundred miles an hour.","SA_30.mp3"
"12","Group1",1,"SA","Have you noticed how today's news seems to fly by faster than we can keep up? I feel like I'm constantly chasing information.","SA_1.mp3"
"12","Group1",2,"I","Absolutely. I listen to a podcast every morning to see what's happened in the world. Otherwise, I feel out of the loop before breakfast is even over.","I_2.mp3"
"12","Group1",3,"P","Right now, local politics is becoming the main headline of the daily paper. It's almost all anyone talks about anymore.",NA
"12","Group1",4,"SA","Yes, especially with the two candidates fighting to take the lead in the latest polls. It's a neck-and-neck race.","SA_4.mp3"
"12","Group1",5,"P","And they both promised to fix the roads before next winter... We'll see if that actually happens.",NA
"12","Group1",6,"I","Speaking of ambitious promises, did you see the news about space exploration? The new lunar base marks a major milestone.","I_6.mp3"
"12","Group1",7,"SA","Yes! Astronauts are preparing to live there for at least six consecutive months. It's fascinating.","SA_7.mp3"
"12","Group1",8,"I","This mission could really help us better understand the history of our solar system. We're living in an incredible era.","I_8.mp3"
"12","Group1",9,"P","Incredible... and a bit unstable too. Tech stocks plummeted suddenly during late afternoon trading.",NA
"12","Group1",10,"I","Investors are worried about the new regulations on artificial intelligence tools, apparently.","I_10.mp3"
"12","Group1",11,"I","Economic experts are still saying to stay calm despite the market volatility. Easier said than done.","I_11.mp3"
"12","Group1",12,"P","For sure. Hey, on a completely different note, a rare painting was discovered in a dusty old attic today.",NA
"12","Group1",13,"P","Yes, I read that! Art historians think it might belong to a famous Italian master.",NA
"12","Group1",14,"I","And the auction house expects a price of several million. It goes to show, you should always rummage through your grandparents' attics...","I_14.mp3"
"12","Group1",15,"SA","If only! Regarding scientific discoveries, climate change is affecting the migration patterns of many wild birds.","SA_15.mp3"
"12","Group1",16,"P","Yes, and they're arriving much earlier than they did only a decade ago.",NA
"12","Group1",17,"SA","Scientists are tracking their movements using small satellite tags; it's impressive.","SA_17.mp3"
"12","Group1",18,"P","Exactly. Migration patterns are being completely disrupted.",NA
"12","Group1",19,"SA","That reminds me of the Ministry of Health's report on sleep. They say most people need seven hours to stay efficient.","SA_19.mp3"
"12","Group1",20,"I","Yes, and that we should consume less caffeine in the evening to improve rest quality. I should probably stop having espressos after 6 p.m...","I_20.mp3"
"12","Group1",21,"I","Good resolution! Otherwise, did you see that the big film festival announced its official selection?","I_21.mp3"
"12","Group1",22,"SA","Yes, and it's mostly independent directors drawing attention this year, more so than the big studio stars.","SA_22.mp3"
"12","Group1",23,"P","That's for the best. I hope to see some truly creative stories on the big screen this summer.",NA
"12","Group1",24,"P","In the meantime, the national stadium will host the world finals next weekend.",NA
"12","Group1",25,"I","I know! Tickets sold out five minutes after they went online. It's crazy.","I_25.mp3"
"12","Group1",26,"SA","Fans are coming from every continent to support their favorite teams. The atmosphere is going to be electric.","SA_26.mp3"
"12","Group1",27,"SA","Our city is going to change its face again with all of this. Modern architecture is already transforming the skyline of our beautiful waterfront.","SA_27.mp3"
"12","Group1",28,"P","Yes, those new glass towers rising above the old port district... it's impressive, even if I'm a bit nostalgic.",NA
"12","Group1",29,"I","Me too. Maybe that's why I prefer reading a paper newspaper with a good hot coffee.","I_29.mp3"
"12","Group1",30,"SA","Same here. It feels good to disconnect from the digital world for a moment... especially when the news moves at a hundred miles an hour.","SA_30.mp3"
"13","Group2",1,"P","Have you noticed how today's news seems to fly by faster than we can keep up? I feel like I'm constantly chasing information.",NA
"13","Group2",2,"SA","Absolutely. I listen to a podcast every morning to see what's happened in the world. Otherwise, I feel out of the loop before breakfast is even over.","SA_2.mp3"
"13","Group2",3,"I","Right now, local politics is becoming the main headline of the daily paper. It's almost all anyone talks about anymore.","I_3.mp3"
"13","Group2",4,"P","Yes, especially with the two candidates fighting to take the lead in the latest polls. It's a neck-and-neck race.",NA
"13","Group2",5,"I","And they both promised to fix the roads before next winter... We'll see if that actually happens.","I_5.mp3"
"13","Group2",6,"SA","Speaking of ambitious promises, did you see the news about space exploration? The new lunar base marks a major milestone.","SA_6.mp3"
"13","Group2",7,"P","Yes! Astronauts are preparing to live there for at least six consecutive months. It's fascinating.",NA
"13","Group2",8,"SA","This mission could really help us better understand the history of our solar system. We're living in an incredible era.","SA_8.mp3"
"13","Group2",9,"I","Incredible... and a bit unstable too. Tech stocks plummeted suddenly during late afternoon trading.","I_9.mp3"
"13","Group2",10,"SA","Investors are worried about the new regulations on artificial intelligence tools, apparently.","SA_10.mp3"
"13","Group2",11,"SA","Economic experts are still saying to stay calm despite the market volatility. Easier said than done.","SA_11.mp3"
"13","Group2",12,"I","For sure. Hey, on a completely different note, a rare painting was discovered in a dusty old attic today.","I_12.mp3"
"13","Group2",13,"I","Yes, I read that! Art historians think it might belong to a famous Italian master.","I_13.mp3"
"13","Group2",14,"SA","And the auction house expects a price of several million. It goes to show, you should always rummage through your grandparents' attics...","SA_14.mp3"
"13","Group2",15,"P","If only! Regarding scientific discoveries, climate change is affecting the migration patterns of many wild birds.",NA
"13","Group2",16,"I","Yes, and they're arriving much earlier than they did only a decade ago.","I_16.mp3"
"13","Group2",17,"P","Scientists are tracking their movements using small satellite tags; it's impressive.",NA
"13","Group2",18,"I","Exactly. Migration patterns are being completely disrupted.","I_18.mp3"
"13","Group2",19,"P","That reminds me of the Ministry of Health's report on sleep. They say most people need seven hours to stay efficient.",NA
"13","Group2",20,"SA","Yes, and that we should consume less caffeine in the evening to improve rest quality. I should probably stop having espressos after 6 p.m...","SA_20.mp3"
"13","Group2",21,"SA","Good resolution! Otherwise, did you see that the big film festival announced its official selection?","SA_21.mp3"
"13","Group2",22,"P","Yes, and it's mostly independent directors drawing attention this year, more so than the big studio stars.",NA
"13","Group2",23,"I","That's for the best. I hope to see some truly creative stories on the big screen this summer.","I_23.mp3"
"13","Group2",24,"I","In the meantime, the national stadium will host the world finals next weekend.","I_24.mp3"
"13","Group2",25,"SA","I know! Tickets sold out five minutes after they went online. It's crazy.","SA_25.mp3"
"13","Group2",26,"P","Fans are coming from every continent to support their favorite teams. The atmosphere is going to be electric.",NA
"13","Group2",27,"P","Our city is going to change its face again with all of this. Modern architecture is already transforming the skyline of our beautiful waterfront.",NA
"13","Group2",28,"I","Yes, those new glass towers rising above the old port district... it's impressive, even if I'm a bit nostalgic.","I_28.mp3"
"13","Group2",29,"SA","Me too. Maybe that's why I prefer reading a paper newspaper with a good hot coffee.","SA_29.mp3"
"13","Group2",30,"P","Same here. It feels good to disconnect from the digital world for a moment... especially when the news moves at a hundred miles an hour.",NA
"14","Group2",1,"P","Have you noticed how today's news seems to fly by faster than we can keep up? I feel like I'm constantly chasing information.",NA
"14","Group2",2,"SA","Absolutely. I listen to a podcast every morning to see what's happened in the world. Otherwise, I feel out of the loop before breakfast is even over.","SA_2.mp3"
"14","Group2",3,"I","Right now, local politics is becoming the main headline of the daily paper. It's almost all anyone talks about anymore.","I_3.mp3"
"14","Group2",4,"P","Yes, especially with the two candidates fighting to take the lead in the latest polls. It's a neck-and-neck race.",NA
"14","Group2",5,"I","And they both promised to fix the roads before next winter... We'll see if that actually happens.","I_5.mp3"
"14","Group2",6,"SA","Speaking of ambitious promises, did you see the news about space exploration? The new lunar base marks a major milestone.","SA_6.mp3"
"14","Group2",7,"P","Yes! Astronauts are preparing to live there for at least six consecutive months. It's fascinating.",NA
"14","Group2",8,"SA","This mission could really help us better understand the history of our solar system. We're living in an incredible era.","SA_8.mp3"
"14","Group2",9,"I","Incredible... and a bit unstable too. Tech stocks plummeted suddenly during late afternoon trading.","I_9.mp3"
"14","Group2",10,"SA","Investors are worried about the new regulations on artificial intelligence tools, apparently.","SA_10.mp3"
"14","Group2",11,"SA","Economic experts are still saying to stay calm despite the market volatility. Easier said than done.","SA_11.mp3"
"14","Group2",12,"I","For sure. Hey, on a completely different note, a rare painting was discovered in a dusty old attic today.","I_12.mp3"
"14","Group2",13,"I","Yes, I read that! Art historians think it might belong to a famous Italian master.","I_13.mp3"
"14","Group2",14,"SA","And the auction house expects a price of several million. It goes to show, you should always rummage through your grandparents' attics...","SA_14.mp3"
"14","Group2",15,"P","If only! Regarding scientific discoveries, climate change is affecting the migration patterns of many wild birds.",NA
"14","Group2",16,"I","Yes, and they're arriving much earlier than they did only a decade ago.","I_16.mp3"
"14","Group2",17,"P","Scientists are tracking their movements using small satellite tags; it's impressive.",NA
"14","Group2",18,"I","Exactly. Migration patterns are being completely disrupted.","I_18.mp3"
"14","Group2",19,"P","That reminds me of the Ministry of Health's report on sleep. They say most people need seven hours to stay efficient.",NA
"14","Group2",20,"SA","Yes, and that we should consume less caffeine in the evening to improve rest quality. I should probably stop having espressos after 6 p.m...","SA_20.mp3"
"14","Group2",21,"SA","Good resolution! Otherwise, did you see that the big film festival announced its official selection?","SA_21.mp3"
"14","Group2",22,"P","Yes, and it's mostly independent directors drawing attention this year, more so than the big studio stars.",NA
"14","Group2",23,"I","That's for the best. I hope to see some truly creative stories on the big screen this summer.","I_23.mp3"
"14","Group2",24,"I","In the meantime, the national stadium will host the world finals next weekend.","I_24.mp3"
"14","Group2",25,"SA","I know! Tickets sold out five minutes after they went online. It's crazy.","SA_25.mp3"
"14","Group2",26,"P","Fans are coming from every continent to support their favorite teams. The atmosphere is going to be electric.",NA
"14","Group2",27,"P","Our city is going to change its face again with all of this. Modern architecture is already transforming the skyline of our beautiful waterfront.",NA
"14","Group2",28,"I","Yes, those new glass towers rising above the old port district... it's impressive, even if I'm a bit nostalgic.","I_28.mp3"
"14","Group2",29,"SA","Me too. Maybe that's why I prefer reading a paper newspaper with a good hot coffee.","SA_29.mp3"
"14","Group2",30,"P","Same here. It feels good to disconnect from the digital world for a moment... especially when the news moves at a hundred miles an hour.",NA
"15","Group2",1,"P","Have you noticed how today's news seems to fly by faster than we can keep up? I feel like I'm constantly chasing information.",NA
"15","Group2",2,"SA","Absolutely. I listen to a podcast every morning to see what's happened in the world. Otherwise, I feel out of the loop before breakfast is even over.","SA_2.mp3"
"15","Group2",3,"I","Right now, local politics is becoming the main headline of the daily paper. It's almost all anyone talks about anymore.","I_3.mp3"
"15","Group2",4,"P","Yes, especially with the two candidates fighting to take the lead in the latest polls. It's a neck-and-neck race.",NA
"15","Group2",5,"I","And they both promised to fix the roads before next winter... We'll see if that actually happens.","I_5.mp3"
"15","Group2",6,"SA","Speaking of ambitious promises, did you see the news about space exploration? The new lunar base marks a major milestone.","SA_6.mp3"
"15","Group2",7,"P","Yes! Astronauts are preparing to live there for at least six consecutive months. It's fascinating.",NA
"15","Group2",8,"SA","This mission could really help us better understand the history of our solar system. We're living in an incredible era.","SA_8.mp3"
"15","Group2",9,"I","Incredible... and a bit unstable too. Tech stocks plummeted suddenly during late afternoon trading.","I_9.mp3"
"15","Group2",10,"SA","Investors are worried about the new regulations on artificial intelligence tools, apparently.","SA_10.mp3"
"15","Group2",11,"SA","Economic experts are still saying to stay calm despite the market volatility. Easier said than done.","SA_11.mp3"
"15","Group2",12,"I","For sure. Hey, on a completely different note, a rare painting was discovered in a dusty old attic today.","I_12.mp3"
"15","Group2",13,"I","Yes, I read that! Art historians think it might belong to a famous Italian master.","I_13.mp3"
"15","Group2",14,"SA","And the auction house expects a price of several million. It goes to show, you should always rummage through your grandparents' attics...","SA_14.mp3"
"15","Group2",15,"P","If only! Regarding scientific discoveries, climate change is affecting the migration patterns of many wild birds.",NA
"15","Group2",16,"I","Yes, and they're arriving much earlier than they did only a decade ago.","I_16.mp3"
"15","Group2",17,"P","Scientists are tracking their movements using small satellite tags; it's impressive.",NA
"15","Group2",18,"I","Exactly. Migration patterns are being completely disrupted.","I_18.mp3"
"15","Group2",19,"P","That reminds me of the Ministry of Health's report on sleep. They say most people need seven hours to stay efficient.",NA
"15","Group2",20,"SA","Yes, and that we should consume less caffeine in the evening to improve rest quality. I should probably stop having espressos after 6 p.m...","SA_20.mp3"
"15","Group2",21,"SA","Good resolution! Otherwise, did you see that the big film festival announced its official selection?","SA_21.mp3"
"15","Group2",22,"P","Yes, and it's mostly independent directors drawing attention this year, more so than the big studio stars.",NA
"15","Group2",23,"I","That's for the best. I hope to see some truly creative stories on the big screen this summer.","I_23.mp3"
"15","Group2",24,"I","In the meantime, the national stadium will host the world finals next weekend.","I_24.mp3"
"15","Group2",25,"SA","I know! Tickets sold out five minutes after they went online. It's crazy.","SA_25.mp3"
"15","Group2",26,"P","Fans are coming from every continent to support their favorite teams. The atmosphere is going to be electric.",NA
"15","Group2",27,"P","Our city is going to change its face again with all of this. Modern architecture is already transforming the skyline of our beautiful waterfront.",NA
"15","Group2",28,"I","Yes, those new glass towers rising above the old port district... it's impressive, even if I'm a bit nostalgic.","I_28.mp3"
"15","Group2",29,"SA","Me too. Maybe that's why I prefer reading a paper newspaper with a good hot coffee.","SA_29.mp3"
"15","Group2",30,"P","Same here. It feels good to disconnect from the digital world for a moment... especially when the news moves at a hundred miles an hour.",NA
"16","Group2",1,"P","Have you noticed how today's news seems to fly by faster than we can keep up? I feel like I'm constantly chasing information.",NA
"16","Group2",2,"SA","Absolutely. I listen to a podcast every morning to see what's happened in the world. Otherwise, I feel out of the loop before breakfast is even over.","SA_2.mp3"
"16","Group2",3,"I","Right now, local politics is becoming the main headline of the daily paper. It's almost all anyone talks about anymore.","I_3.mp3"
"16","Group2",4,"P","Yes, especially with the two candidates fighting to take the lead in the latest polls. It's a neck-and-neck race.",NA
"16","Group2",5,"I","And they both promised to fix the roads before next winter... We'll see if that actually happens.","I_5.mp3"
"16","Group2",6,"SA","Speaking of ambitious promises, did you see the news about space exploration? The new lunar base marks a major milestone.","SA_6.mp3"
"16","Group2",7,"P","Yes! Astronauts are preparing to live there for at least six consecutive months. It's fascinating.",NA
"16","Group2",8,"SA","This mission could really help us better understand the history of our solar system. We're living in an incredible era.","SA_8.mp3"
"16","Group2",9,"I","Incredible... and a bit unstable too. Tech stocks plummeted suddenly during late afternoon trading.","I_9.mp3"
"16","Group2",10,"SA","Investors are worried about the new regulations on artificial intelligence tools, apparently.","SA_10.mp3"
"16","Group2",11,"SA","Economic experts are still saying to stay calm despite the market volatility. Easier said than done.","SA_11.mp3"
"16","Group2",12,"I","For sure. Hey, on a completely different note, a rare painting was discovered in a dusty old attic today.","I_12.mp3"
"16","Group2",13,"I","Yes, I read that! Art historians think it might belong to a famous Italian master.","I_13.mp3"
"16","Group2",14,"SA","And the auction house expects a price of several million. It goes to show, you should always rummage through your grandparents' attics...","SA_14.mp3"
"16","Group2",15,"P","If only! Regarding scientific discoveries, climate change is affecting the migration patterns of many wild birds.",NA
"16","Group2",16,"I","Yes, and they're arriving much earlier than they did only a decade ago.","I_16.mp3"
"16","Group2",17,"P","Scientists are tracking their movements using small satellite tags; it's impressive.",NA
"16","Group2",18,"I","Exactly. Migration patterns are being completely disrupted.","I_18.mp3"
"16","Group2",19,"P","That reminds me of the Ministry of Health's report on sleep. They say most people need seven hours to stay efficient.",NA
"16","Group2",20,"SA","Yes, and that we should consume less caffeine in the evening to improve rest quality. I should probably stop having espressos after 6 p.m...","SA_20.mp3"
"16","Group2",21,"SA","Good resolution! Otherwise, did you see that the big film festival announced its official selection?","SA_21.mp3"
"16","Group2",22,"P","Yes, and it's mostly independent directors drawing attention this year, more so than the big studio stars.",NA
"16","Group2",23,"I","That's for the best. I hope to see some truly creative stories on the big screen this summer.","I_23.mp3"
"16","Group2",24,"I","In the meantime, the national stadium will host the world finals next weekend.","I_24.mp3"
"16","Group2",25,"SA","I know! Tickets sold out five minutes after they went online. It's crazy.","SA_25.mp3"
"16","Group2",26,"P","Fans are coming from every continent to support their favorite teams. The atmosphere is going to be electric.",NA
"16","Group2",27,"P","Our city is going to change its face again with all of this. Modern architecture is already transforming the skyline of our beautiful waterfront.",NA
"16","Group2",28,"I","Yes, those new glass towers rising above the old port district... it's impressive, even if I'm a bit nostalgic.","I_28.mp3"
"16","Group2",29,"SA","Me too. Maybe that's why I prefer reading a paper newspaper with a good hot coffee.","SA_29.mp3"
"16","Group2",30,"P","Same here. It feels good to disconnect from the digital world for a moment... especially when the news moves at a hundred miles an hour.",NA
"17","Group2",1,"P","Have you noticed how today's news seems to fly by faster than we can keep up? I feel like I'm constantly chasing information.",NA
"17","Group2",2,"SA","Absolutely. I listen to a podcast every morning to see what's happened in the world. Otherwise, I feel out of the loop before breakfast is even over.","SA_2.mp3"
"17","Group2",3,"I","Right now, local politics is becoming the main headline of the daily paper. It's almost all anyone talks about anymore.","I_3.mp3"
"17","Group2",4,"P","Yes, especially with the two candidates fighting to take the lead in the latest polls. It's a neck-and-neck race.",NA
"17","Group2",5,"I","And they both promised to fix the roads before next winter... We'll see if that actually happens.","I_5.mp3"
"17","Group2",6,"SA","Speaking of ambitious promises, did you see the news about space exploration? The new lunar base marks a major milestone.","SA_6.mp3"
"17","Group2",7,"P","Yes! Astronauts are preparing to live there for at least six consecutive months. It's fascinating.",NA
"17","Group2",8,"SA","This mission could really help us better understand the history of our solar system. We're living in an incredible era.","SA_8.mp3"
"17","Group2",9,"I","Incredible... and a bit unstable too. Tech stocks plummeted suddenly during late afternoon trading.","I_9.mp3"
"17","Group2",10,"SA","Investors are worried about the new regulations on artificial intelligence tools, apparently.","SA_10.mp3"
"17","Group2",11,"SA","Economic experts are still saying to stay calm despite the market volatility. Easier said than done.","SA_11.mp3"
"17","Group2",12,"I","For sure. Hey, on a completely different note, a rare painting was discovered in a dusty old attic today.","I_12.mp3"
"17","Group2",13,"I","Yes, I read that! Art historians think it might belong to a famous Italian master.","I_13.mp3"
"17","Group2",14,"SA","And the auction house expects a price of several million. It goes to show, you should always rummage through your grandparents' attics...","SA_14.mp3"
"17","Group2",15,"P","If only! Regarding scientific discoveries, climate change is affecting the migration patterns of many wild birds.",NA
"17","Group2",16,"I","Yes, and they're arriving much earlier than they did only a decade ago.","I_16.mp3"
"17","Group2",17,"P","Scientists are tracking their movements using small satellite tags; it's impressive.",NA
"17","Group2",18,"I","Exactly. Migration patterns are being completely disrupted.","I_18.mp3"
"17","Group2",19,"P","That reminds me of the Ministry of Health's report on sleep. They say most people need seven hours to stay efficient.",NA
"17","Group2",20,"SA","Yes, and that we should consume less caffeine in the evening to improve rest quality. I should probably stop having espressos after 6 p.m...","SA_20.mp3"
"17","Group2",21,"SA","Good resolution! Otherwise, did you see that the big film festival announced its official selection?","SA_21.mp3"
"17","Group2",22,"P","Yes, and it's mostly independent directors drawing attention this year, more so than the big studio stars.",NA
"17","Group2",23,"I","That's for the best. I hope to see some truly creative stories on the big screen this summer.","I_23.mp3"
"17","Group2",24,"I","In the meantime, the national stadium will host the world finals next weekend.","I_24.mp3"
"17","Group2",25,"SA","I know! Tickets sold out five minutes after they went online. It's crazy.","SA_25.mp3"
"17","Group2",26,"P","Fans are coming from every continent to support their favorite teams. The atmosphere is going to be electric.",NA
"17","Group2",27,"P","Our city is going to change its face again with all of this. Modern architecture is already transforming the skyline of our beautiful waterfront.",NA
"17","Group2",28,"I","Yes, those new glass towers rising above the old port district... it's impressive, even if I'm a bit nostalgic.","I_28.mp3"
"17","Group2",29,"SA","Me too. Maybe that's why I prefer reading a paper newspaper with a good hot coffee.","SA_29.mp3"
"17","Group2",30,"P","Same here. It feels good to disconnect from the digital world for a moment... especially when the news moves at a hundred miles an hour.",NA
"18","Group2",1,"P","Have you noticed how today's news seems to fly by faster than we can keep up? I feel like I'm constantly chasing information.",NA
"18","Group2",2,"SA","Absolutely. I listen to a podcast every morning to see what's happened in the world. Otherwise, I feel out of the loop before breakfast is even over.","SA_2.mp3"
"18","Group2",3,"I","Right now, local politics is becoming the main headline of the daily paper. It's almost all anyone talks about anymore.","I_3.mp3"
"18","Group2",4,"P","Yes, especially with the two candidates fighting to take the lead in the latest polls. It's a neck-and-neck race.",NA
"18","Group2",5,"I","And they both promised to fix the roads before next winter... We'll see if that actually happens.","I_5.mp3"
"18","Group2",6,"SA","Speaking of ambitious promises, did you see the news about space exploration? The new lunar base marks a major milestone.","SA_6.mp3"
"18","Group2",7,"P","Yes! Astronauts are preparing to live there for at least six consecutive months. It's fascinating.",NA
"18","Group2",8,"SA","This mission could really help us better understand the history of our solar system. We're living in an incredible era.","SA_8.mp3"
"18","Group2",9,"I","Incredible... and a bit unstable too. Tech stocks plummeted suddenly during late afternoon trading.","I_9.mp3"
"18","Group2",10,"SA","Investors are worried about the new regulations on artificial intelligence tools, apparently.","SA_10.mp3"
"18","Group2",11,"SA","Economic experts are still saying to stay calm despite the market volatility. Easier said than done.","SA_11.mp3"
"18","Group2",12,"I","For sure. Hey, on a completely different note, a rare painting was discovered in a dusty old attic today.","I_12.mp3"
"18","Group2",13,"I","Yes, I read that! Art historians think it might belong to a famous Italian master.","I_13.mp3"
"18","Group2",14,"SA","And the auction house expects a price of several million. It goes to show, you should always rummage through your grandparents' attics...","SA_14.mp3"
"18","Group2",15,"P","If only! Regarding scientific discoveries, climate change is affecting the migration patterns of many wild birds.",NA
"18","Group2",16,"I","Yes, and they're arriving much earlier than they did only a decade ago.","I_16.mp3"
"18","Group2",17,"P","Scientists are tracking their movements using small satellite tags; it's impressive.",NA
"18","Group2",18,"I","Exactly. Migration patterns are being completely disrupted.","I_18.mp3"
"18","Group2",19,"P","That reminds me of the Ministry of Health's report on sleep. They say most people need seven hours to stay efficient.",NA
"18","Group2",20,"SA","Yes, and that we should consume less caffeine in the evening to improve rest quality. I should probably stop having espressos after 6 p.m...","SA_20.mp3"
"18","Group2",21,"SA","Good resolution! Otherwise, did you see that the big film festival announced its official selection?","SA_21.mp3"
"18","Group2",22,"P","Yes, and it's mostly independent directors drawing attention this year, more so than the big studio stars.",NA
"18","Group2",23,"I","That's for the best. I hope to see some truly creative stories on the big screen this summer.","I_23.mp3"
"18","Group2",24,"I","In the meantime, the national stadium will host the world finals next weekend.","I_24.mp3"
"18","Group2",25,"SA","I know! Tickets sold out five minutes after they went online. It's crazy.","SA_25.mp3"
"18","Group2",26,"P","Fans are coming from every continent to support their favorite teams. The atmosphere is going to be electric.",NA
"18","Group2",27,"P","Our city is going to change its face again with all of this. Modern architecture is already transforming the skyline of our beautiful waterfront.",NA
"18","Group2",28,"I","Yes, those new glass towers rising above the old port district... it's impressive, even if I'm a bit nostalgic.","I_28.mp3"
"18","Group2",29,"SA","Me too. Maybe that's why I prefer reading a paper newspaper with a good hot coffee.","SA_29.mp3"
"18","Group2",30,"P","Same here. It feels good to disconnect from the digital world for a moment... especially when the news moves at a hundred miles an hour.",NA
"19","Group2",1,"P","Have you noticed how today's news seems to fly by faster than we can keep up? I feel like I'm constantly chasing information.",NA
"19","Group2",2,"SA","Absolutely. I listen to a podcast every morning to see what's happened in the world. Otherwise, I feel out of the loop before breakfast is even over.","SA_2.mp3"
"19","Group2",3,"I","Right now, local politics is becoming the main headline of the daily paper. It's almost all anyone talks about anymore.","I_3.mp3"
"19","Group2",4,"P","Yes, especially with the two candidates fighting to take the lead in the latest polls. It's a neck-and-neck race.",NA
"19","Group2",5,"I","And they both promised to fix the roads before next winter... We'll see if that actually happens.","I_5.mp3"
"19","Group2",6,"SA","Speaking of ambitious promises, did you see the news about space exploration? The new lunar base marks a major milestone.","SA_6.mp3"
"19","Group2",7,"P","Yes! Astronauts are preparing to live there for at least six consecutive months. It's fascinating.",NA
"19","Group2",8,"SA","This mission could really help us better understand the history of our solar system. We're living in an incredible era.","SA_8.mp3"
"19","Group2",9,"I","Incredible... and a bit unstable too. Tech stocks plummeted suddenly during late afternoon trading.","I_9.mp3"
"19","Group2",10,"SA","Investors are worried about the new regulations on artificial intelligence tools, apparently.","SA_10.mp3"
"19","Group2",11,"SA","Economic experts are still saying to stay calm despite the market volatility. Easier said than done.","SA_11.mp3"
"19","Group2",12,"I","For sure. Hey, on a completely different note, a rare painting was discovered in a dusty old attic today.","I_12.mp3"
"19","Group2",13,"I","Yes, I read that! Art historians think it might belong to a famous Italian master.","I_13.mp3"
"19","Group2",14,"SA","And the auction house expects a price of several million. It goes to show, you should always rummage through your grandparents' attics...","SA_14.mp3"
"19","Group2",15,"P","If only! Regarding scientific discoveries, climate change is affecting the migration patterns of many wild birds.",NA
"19","Group2",16,"I","Yes, and they're arriving much earlier than they did only a decade ago.","I_16.mp3"
"19","Group2",17,"P","Scientists are tracking their movements using small satellite tags; it's impressive.",NA
"19","Group2",18,"I","Exactly. Migration patterns are being completely disrupted.","I_18.mp3"
"19","Group2",19,"P","That reminds me of the Ministry of Health's report on sleep. They say most people need seven hours to stay efficient.",NA
"19","Group2",20,"SA","Yes, and that we should consume less caffeine in the evening to improve rest quality. I should probably stop having espressos after 6 p.m...","SA_20.mp3"
"19","Group2",21,"SA","Good resolution! Otherwise, did you see that the big film festival announced its official selection?","SA_21.mp3"
"19","Group2",22,"P","Yes, and it's mostly independent directors drawing attention this year, more so than the big studio stars.",NA
"19","Group2",23,"I","That's for the best. I hope to see some truly creative stories on the big screen this summer.","I_23.mp3"
"19","Group2",24,"I","In the meantime, the national stadium will host the world finals next weekend.","I_24.mp3"
"19","Group2",25,"SA","I know! Tickets sold out five minutes after they went online. It's crazy.","SA_25.mp3"
"19","Group2",26,"P","Fans are coming from every continent to support their favorite teams. The atmosphere is going to be electric.",NA
"19","Group2",27,"P","Our city is going to change its face again with all of this. Modern architecture is already transforming the skyline of our beautiful waterfront.",NA
"19","Group2",28,"I","Yes, those new glass towers rising above the old port district... it's impressive, even if I'm a bit nostalgic.","I_28.mp3"
"19","Group2",29,"SA","Me too. Maybe that's why I prefer reading a paper newspaper with a good hot coffee.","SA_29.mp3"
"19","Group2",30,"P","Same here. It feels good to disconnect from the digital world for a moment... especially when the news moves at a hundred miles an hour.",NA
"20","Group2",1,"P","Have you noticed how today's news seems to fly by faster than we can keep up? I feel like I'm constantly chasing information.",NA
"20","Group2",2,"SA","Absolutely. I listen to a podcast every morning to see what's happened in the world. Otherwise, I feel out of the loop before breakfast is even over.","SA_2.mp3"
"20","Group2",3,"I","Right now, local politics is becoming the main headline of the daily paper. It's almost all anyone talks about anymore.","I_3.mp3"
"20","Group2",4,"P","Yes, especially with the two candidates fighting to take the lead in the latest polls. It's a neck-and-neck race.",NA
"20","Group2",5,"I","And they both promised to fix the roads before next winter... We'll see if that actually happens.","I_5.mp3"
"20","Group2",6,"SA","Speaking of ambitious promises, did you see the news about space exploration? The new lunar base marks a major milestone.","SA_6.mp3"
"20","Group2",7,"P","Yes! Astronauts are preparing to live there for at least six consecutive months. It's fascinating.",NA
"20","Group2",8,"SA","This mission could really help us better understand the history of our solar system. We're living in an incredible era.","SA_8.mp3"
"20","Group2",9,"I","Incredible... and a bit unstable too. Tech stocks plummeted suddenly during late afternoon trading.","I_9.mp3"
"20","Group2",10,"SA","Investors are worried about the new regulations on artificial intelligence tools, apparently.","SA_10.mp3"
"20","Group2",11,"SA","Economic experts are still saying to stay calm despite the market volatility. Easier said than done.","SA_11.mp3"
"20","Group2",12,"I","For sure. Hey, on a completely different note, a rare painting was discovered in a dusty old attic today.","I_12.mp3"
"20","Group2",13,"I","Yes, I read that! Art historians think it might belong to a famous Italian master.","I_13.mp3"
"20","Group2",14,"SA","And the auction house expects a price of several million. It goes to show, you should always rummage through your grandparents' attics...","SA_14.mp3"
"20","Group2",15,"P","If only! Regarding scientific discoveries, climate change is affecting the migration patterns of many wild birds.",NA
"20","Group2",16,"I","Yes, and they're arriving much earlier than they did only a decade ago.","I_16.mp3"
"20","Group2",17,"P","Scientists are tracking their movements using small satellite tags; it's impressive.",NA
"20","Group2",18,"I","Exactly. Migration patterns are being completely disrupted.","I_18.mp3"
"20","Group2",19,"P","That reminds me of the Ministry of Health's report on sleep. They say most people need seven hours to stay efficient.",NA
"20","Group2",20,"SA","Yes, and that we should consume less caffeine in the evening to improve rest quality. I should probably stop having espressos after 6 p.m...","SA_20.mp3"
"20","Group2",21,"SA","Good resolution! Otherwise, did you see that the big film festival announced its official selection?","SA_21.mp3"
"20","Group2",22,"P","Yes, and it's mostly independent directors drawing attention this year, more so than the big studio stars.",NA
"20","Group2",23,"I","That's for the best. I hope to see some truly creative stories on the big screen this summer.","I_23.mp3"
"20","Group2",24,"I","In the meantime, the national stadium will host the world finals next weekend.","I_24.mp3"
"20","Group2",25,"SA","I know! Tickets sold out five minutes after they went online. It's crazy.","SA_25.mp3"
"20","Group2",26,"P","Fans are coming from every continent to support their favorite teams. The atmosphere is going to be electric.",NA
"20","Group2",27,"P","Our city is going to change its face again with all of this. Modern architecture is already transforming the skyline of our beautiful waterfront.",NA
"20","Group2",28,"I","Yes, those new glass towers rising above the old port district... it's impressive, even if I'm a bit nostalgic.","I_28.mp3"
"20","Group2",29,"SA","Me too. Maybe that's why I prefer reading a paper newspaper with a good hot coffee.","SA_29.mp3"
"20","Group2",30,"P","Same here. It feels good to disconnect from the digital world for a moment... especially when the news moves at a hundred miles an hour.",NA
"21","Group2",1,"P","Have you noticed how today's news seems to fly by faster than we can keep up? I feel like I'm constantly chasing information.",NA
"21","Group2",2,"SA","Absolutely. I listen to a podcast every morning to see what's happened in the world. Otherwise, I feel out of the loop before breakfast is even over.","SA_2.mp3"
"21","Group2",3,"I","Right now, local politics is becoming the main headline of the daily paper. It's almost all anyone talks about anymore.","I_3.mp3"
"21","Group2",4,"P","Yes, especially with the two candidates fighting to take the lead in the latest polls. It's a neck-and-neck race.",NA
"21","Group2",5,"I","And they both promised to fix the roads before next winter... We'll see if that actually happens.","I_5.mp3"
"21","Group2",6,"SA","Speaking of ambitious promises, did you see the news about space exploration? The new lunar base marks a major milestone.","SA_6.mp3"
"21","Group2",7,"P","Yes! Astronauts are preparing to live there for at least six consecutive months. It's fascinating.",NA
"21","Group2",8,"SA","This mission could really help us better understand the history of our solar system. We're living in an incredible era.","SA_8.mp3"
"21","Group2",9,"I","Incredible... and a bit unstable too. Tech stocks plummeted suddenly during late afternoon trading.","I_9.mp3"
"21","Group2",10,"SA","Investors are worried about the new regulations on artificial intelligence tools, apparently.","SA_10.mp3"
"21","Group2",11,"SA","Economic experts are still saying to stay calm despite the market volatility. Easier said than done.","SA_11.mp3"
"21","Group2",12,"I","For sure. Hey, on a completely different note, a rare painting was discovered in a dusty old attic today.","I_12.mp3"
"21","Group2",13,"I","Yes, I read that! Art historians think it might belong to a famous Italian master.","I_13.mp3"
"21","Group2",14,"SA","And the auction house expects a price of several million. It goes to show, you should always rummage through your grandparents' attics...","SA_14.mp3"
"21","Group2",15,"P","If only! Regarding scientific discoveries, climate change is affecting the migration patterns of many wild birds.",NA
"21","Group2",16,"I","Yes, and they're arriving much earlier than they did only a decade ago.","I_16.mp3"
"21","Group2",17,"P","Scientists are tracking their movements using small satellite tags; it's impressive.",NA
"21","Group2",18,"I","Exactly. Migration patterns are being completely disrupted.","I_18.mp3"
"21","Group2",19,"P","That reminds me of the Ministry of Health's report on sleep. They say most people need seven hours to stay efficient.",NA
"21","Group2",20,"SA","Yes, and that we should consume less caffeine in the evening to improve rest quality. I should probably stop having espressos after 6 p.m...","SA_20.mp3"
"21","Group2",21,"SA","Good resolution! Otherwise, did you see that the big film festival announced its official selection?","SA_21.mp3"
"21","Group2",22,"P","Yes, and it's mostly independent directors drawing attention this year, more so than the big studio stars.",NA
"21","Group2",23,"I","That's for the best. I hope to see some truly creative stories on the big screen this summer.","I_23.mp3"
"21","Group2",24,"I","In the meantime, the national stadium will host the world finals next weekend.","I_24.mp3"
"21","Group2",25,"SA","I know! Tickets sold out five minutes after they went online. It's crazy.","SA_25.mp3"
"21","Group2",26,"P","Fans are coming from every continent to support their favorite teams. The atmosphere is going to be electric.",NA
"21","Group2",27,"P","Our city is going to change its face again with all of this. Modern architecture is already transforming the skyline of our beautiful waterfront.",NA
"21","Group2",28,"I","Yes, those new glass towers rising above the old port district... it's impressive, even if I'm a bit nostalgic.","I_28.mp3"
"21","Group2",29,"SA","Me too. Maybe that's why I prefer reading a paper newspaper with a good hot coffee.","SA_29.mp3"
"21","Group2",30,"P","Same here. It feels good to disconnect from the digital world for a moment... especially when the news moves at a hundred miles an hour.",NA
"22","Group2",1,"P","Have you noticed how today's news seems to fly by faster than we can keep up? I feel like I'm constantly chasing information.",NA
"22","Group2",2,"SA","Absolutely. I listen to a podcast every morning to see what's happened in the world. Otherwise, I feel out of the loop before breakfast is even over.","SA_2.mp3"
"22","Group2",3,"I","Right now, local politics is becoming the main headline of the daily paper. It's almost all anyone talks about anymore.","I_3.mp3"
"22","Group2",4,"P","Yes, especially with the two candidates fighting to take the lead in the latest polls. It's a neck-and-neck race.",NA
"22","Group2",5,"I","And they both promised to fix the roads before next winter... We'll see if that actually happens.","I_5.mp3"
"22","Group2",6,"SA","Speaking of ambitious promises, did you see the news about space exploration? The new lunar base marks a major milestone.","SA_6.mp3"
"22","Group2",7,"P","Yes! Astronauts are preparing to live there for at least six consecutive months. It's fascinating.",NA
"22","Group2",8,"SA","This mission could really help us better understand the history of our solar system. We're living in an incredible era.","SA_8.mp3"
"22","Group2",9,"I","Incredible... and a bit unstable too. Tech stocks plummeted suddenly during late afternoon trading.","I_9.mp3"
"22","Group2",10,"SA","Investors are worried about the new regulations on artificial intelligence tools, apparently.","SA_10.mp3"
"22","Group2",11,"SA","Economic experts are still saying to stay calm despite the market volatility. Easier said than done.","SA_11.mp3"
"22","Group2",12,"I","For sure. Hey, on a completely different note, a rare painting was discovered in a dusty old attic today.","I_12.mp3"
"22","Group2",13,"I","Yes, I read that! Art historians think it might belong to a famous Italian master.","I_13.mp3"
"22","Group2",14,"SA","And the auction house expects a price of several million. It goes to show, you should always rummage through your grandparents' attics...","SA_14.mp3"
"22","Group2",15,"P","If only! Regarding scientific discoveries, climate change is affecting the migration patterns of many wild birds.",NA
"22","Group2",16,"I","Yes, and they're arriving much earlier than they did only a decade ago.","I_16.mp3"
"22","Group2",17,"P","Scientists are tracking their movements using small satellite tags; it's impressive.",NA
"22","Group2",18,"I","Exactly. Migration patterns are being completely disrupted.","I_18.mp3"
"22","Group2",19,"P","That reminds me of the Ministry of Health's report on sleep. They say most people need seven hours to stay efficient.",NA
"22","Group2",20,"SA","Yes, and that we should consume less caffeine in the evening to improve rest quality. I should probably stop having espressos after 6 p.m...","SA_20.mp3"
"22","Group2",21,"SA","Good resolution! Otherwise, did you see that the big film festival announced its official selection?","SA_21.mp3"
"22","Group2",22,"P","Yes, and it's mostly independent directors drawing attention this year, more so than the big studio stars.",NA
"22","Group2",23,"I","That's for the best. I hope to see some truly creative stories on the big screen this summer.","I_23.mp3"
"22","Group2",24,"I","In the meantime, the national stadium will host the world finals next weekend.","I_24.mp3"
"22","Group2",25,"SA","I know! Tickets sold out five minutes after they went online. It's crazy.","SA_25.mp3"
"22","Group2",26,"P","Fans are coming from every continent to support their favorite teams. The atmosphere is going to be electric.",NA
"22","Group2",27,"P","Our city is going to change its face again with all of this. Modern architecture is already transforming the skyline of our beautiful waterfront.",NA
"22","Group2",28,"I","Yes, those new glass towers rising above the old port district... it's impressive, even if I'm a bit nostalgic.","I_28.mp3"
"22","Group2",29,"SA","Me too. Maybe that's why I prefer reading a paper newspaper with a good hot coffee.","SA_29.mp3"
"22","Group2",30,"P","Same here. It feels good to disconnect from the digital world for a moment... especially when the news moves at a hundred miles an hour.",NA
"23","Group2",1,"P","Have you noticed how today's news seems to fly by faster than we can keep up? I feel like I'm constantly chasing information.",NA
"23","Group2",2,"SA","Absolutely. I listen to a podcast every morning to see what's happened in the world. Otherwise, I feel out of the loop before breakfast is even over.","SA_2.mp3"
"23","Group2",3,"I","Right now, local politics is becoming the main headline of the daily paper. It's almost all anyone talks about anymore.","I_3.mp3"
"23","Group2",4,"P","Yes, especially with the two candidates fighting to take the lead in the latest polls. It's a neck-and-neck race.",NA
"23","Group2",5,"I","And they both promised to fix the roads before next winter... We'll see if that actually happens.","I_5.mp3"
"23","Group2",6,"SA","Speaking of ambitious promises, did you see the news about space exploration? The new lunar base marks a major milestone.","SA_6.mp3"
"23","Group2",7,"P","Yes! Astronauts are preparing to live there for at least six consecutive months. It's fascinating.",NA
"23","Group2",8,"SA","This mission could really help us better understand the history of our solar system. We're living in an incredible era.","SA_8.mp3"
"23","Group2",9,"I","Incredible... and a bit unstable too. Tech stocks plummeted suddenly during late afternoon trading.","I_9.mp3"
"23","Group2",10,"SA","Investors are worried about the new regulations on artificial intelligence tools, apparently.","SA_10.mp3"
"23","Group2",11,"SA","Economic experts are still saying to stay calm despite the market volatility. Easier said than done.","SA_11.mp3"
"23","Group2",12,"I","For sure. Hey, on a completely different note, a rare painting was discovered in a dusty old attic today.","I_12.mp3"
"23","Group2",13,"I","Yes, I read that! Art historians think it might belong to a famous Italian master.","I_13.mp3"
"23","Group2",14,"SA","And the auction house expects a price of several million. It goes to show, you should always rummage through your grandparents' attics...","SA_14.mp3"
"23","Group2",15,"P","If only! Regarding scientific discoveries, climate change is affecting the migration patterns of many wild birds.",NA
"23","Group2",16,"I","Yes, and they're arriving much earlier than they did only a decade ago.","I_16.mp3"
"23","Group2",17,"P","Scientists are tracking their movements using small satellite tags; it's impressive.",NA
"23","Group2",18,"I","Exactly. Migration patterns are being completely disrupted.","I_18.mp3"
"23","Group2",19,"P","That reminds me of the Ministry of Health's report on sleep. They say most people need seven hours to stay efficient.",NA
"23","Group2",20,"SA","Yes, and that we should consume less caffeine in the evening to improve rest quality. I should probably stop having espressos after 6 p.m...","SA_20.mp3"
"23","Group2",21,"SA","Good resolution! Otherwise, did you see that the big film festival announced its official selection?","SA_21.mp3"
"23","Group2",22,"P","Yes, and it's mostly independent directors drawing attention this year, more so than the big studio stars.",NA
"23","Group2",23,"I","That's for the best. I hope to see some truly creative stories on the big screen this summer.","I_23.mp3"
"23","Group2",24,"I","In the meantime, the national stadium will host the world finals next weekend.","I_24.mp3"
"23","Group2",25,"SA","I know! Tickets sold out five minutes after they went online. It's crazy.","SA_25.mp3"
"23","Group2",26,"P","Fans are coming from every continent to support their favorite teams. The atmosphere is going to be electric.",NA
"23","Group2",27,"P","Our city is going to change its face again with all of this. Modern architecture is already transforming the skyline of our beautiful waterfront.",NA
"23","Group2",28,"I","Yes, those new glass towers rising above the old port district... it's impressive, even if I'm a bit nostalgic.","I_28.mp3"
"23","Group2",29,"SA","Me too. Maybe that's why I prefer reading a paper newspaper with a good hot coffee.","SA_29.mp3"
"23","Group2",30,"P","Same here. It feels good to disconnect from the digital world for a moment... especially when the news moves at a hundred miles an hour.",NA
"24","Group2",1,"P","Have you noticed how today's news seems to fly by faster than we can keep up? I feel like I'm constantly chasing information.",NA
"24","Group2",2,"SA","Absolutely. I listen to a podcast every morning to see what's happened in the world. Otherwise, I feel out of the loop before breakfast is even over.","SA_2.mp3"
"24","Group2",3,"I","Right now, local politics is becoming the main headline of the daily paper. It's almost all anyone talks about anymore.","I_3.mp3"
"24","Group2",4,"P","Yes, especially with the two candidates fighting to take the lead in the latest polls. It's a neck-and-neck race.",NA
"24","Group2",5,"I","And they both promised to fix the roads before next winter... We'll see if that actually happens.","I_5.mp3"
"24","Group2",6,"SA","Speaking of ambitious promises, did you see the news about space exploration? The new lunar base marks a major milestone.","SA_6.mp3"
"24","Group2",7,"P","Yes! Astronauts are preparing to live there for at least six consecutive months. It's fascinating.",NA
"24","Group2",8,"SA","This mission could really help us better understand the history of our solar system. We're living in an incredible era.","SA_8.mp3"
"24","Group2",9,"I","Incredible... and a bit unstable too. Tech stocks plummeted suddenly during late afternoon trading.","I_9.mp3"
"24","Group2",10,"SA","Investors are worried about the new regulations on artificial intelligence tools, apparently.","SA_10.mp3"
"24","Group2",11,"SA","Economic experts are still saying to stay calm despite the market volatility. Easier said than done.","SA_11.mp3"
"24","Group2",12,"I","For sure. Hey, on a completely different note, a rare painting was discovered in a dusty old attic today.","I_12.mp3"
"24","Group2",13,"I","Yes, I read that! Art historians think it might belong to a famous Italian master.","I_13.mp3"
"24","Group2",14,"SA","And the auction house expects a price of several million. It goes to show, you should always rummage through your grandparents' attics...","SA_14.mp3"
"24","Group2",15,"P","If only! Regarding scientific discoveries, climate change is affecting the migration patterns of many wild birds.",NA
"24","Group2",16,"I","Yes, and they're arriving much earlier than they did only a decade ago.","I_16.mp3"
"24","Group2",17,"P","Scientists are tracking their movements using small satellite tags; it's impressive.",NA
"24","Group2",18,"I","Exactly. Migration patterns are being completely disrupted.","I_18.mp3"
"24","Group2",19,"P","That reminds me of the Ministry of Health's report on sleep. They say most people need seven hours to stay efficient.",NA
"24","Group2",20,"SA","Yes, and that we should consume less caffeine in the evening to improve rest quality. I should probably stop having espressos after 6 p.m...","SA_20.mp3"
"24","Group2",21,"SA","Good resolution! Otherwise, did you see that the big film festival announced its official selection?","SA_21.mp3"
"24","Group2",22,"P","Yes, and it's mostly independent directors drawing attention this year, more so than the big studio stars.",NA
"24","Group2",23,"I","That's for the best. I hope to see some truly creative stories on the big screen this summer.","I_23.mp3"
"24","Group2",24,"I","In the meantime, the national stadium will host the world finals next weekend.","I_24.mp3"
"24","Group2",25,"SA","I know! Tickets sold out five minutes after they went online. It's crazy.","SA_25.mp3"
"24","Group2",26,"P","Fans are coming from every continent to support their favorite teams. The atmosphere is going to be electric.",NA
"24","Group2",27,"P","Our city is going to change its face again with all of this. Modern architecture is already transforming the skyline of our beautiful waterfront.",NA
"24","Group2",28,"I","Yes, those new glass towers rising above the old port district... it's impressive, even if I'm a bit nostalgic.","I_28.mp3"
"24","Group2",29,"SA","Me too. Maybe that's why I prefer reading a paper newspaper with a good hot coffee.","SA_29.mp3"
"24","Group2",30,"P","Same here. It feels good to disconnect from the digital world for a moment... especially when the news moves at a hundred miles an hour.",NA
"25","Group3",1,"I","Have you noticed how today's news seems to fly by faster than we can keep up? I feel like I'm constantly chasing information.","I_1.mp3"
"25","Group3",2,"P","Absolutely. I listen to a podcast every morning to see what's happened in the world. Otherwise, I feel out of the loop before breakfast is even over.",NA
"25","Group3",3,"SA","Right now, local politics is becoming the main headline of the daily paper. It's almost all anyone talks about anymore.","SA_3.mp3"
"25","Group3",4,"I","Yes, especially with the two candidates fighting to take the lead in the latest polls. It's a neck-and-neck race.","I_4.mp3"
"25","Group3",5,"SA","And they both promised to fix the roads before next winter... We'll see if that actually happens.","SA_5.mp3"
"25","Group3",6,"P","Speaking of ambitious promises, did you see the news about space exploration? The new lunar base marks a major milestone.",NA
"25","Group3",7,"I","Yes! Astronauts are preparing to live there for at least six consecutive months. It's fascinating.","I_7.mp3"
"25","Group3",8,"P","This mission could really help us better understand the history of our solar system. We're living in an incredible era.",NA
"25","Group3",9,"SA","Incredible... and a bit unstable too. Tech stocks plummeted suddenly during late afternoon trading.","SA_9.mp3"
"25","Group3",10,"P","Investors are worried about the new regulations on artificial intelligence tools, apparently.",NA
"25","Group3",11,"P","Economic experts are still saying to stay calm despite the market volatility. Easier said than done.",NA
"25","Group3",12,"SA","For sure. Hey, on a completely different note, a rare painting was discovered in a dusty old attic today.","SA_12.mp3"
"25","Group3",13,"SA","Yes, I read that! Art historians think it might belong to a famous Italian master.","SA_13.mp3"
"25","Group3",14,"P","And the auction house expects a price of several million. It goes to show, you should always rummage through your grandparents' attics...",NA
"25","Group3",15,"I","If only! Regarding scientific discoveries, climate change is affecting the migration patterns of many wild birds.","I_15.mp3"
"25","Group3",16,"SA","Yes, and they're arriving much earlier than they did only a decade ago.","SA_16.mp3"
"25","Group3",17,"I","Scientists are tracking their movements using small satellite tags; it's impressive.","I_17.mp3"
"25","Group3",18,"SA","Exactly. Migration patterns are being completely disrupted.","SA_18.mp3"
"25","Group3",19,"I","That reminds me of the Ministry of Health's report on sleep. They say most people need seven hours to stay efficient.","I_19.mp3"
"25","Group3",20,"P","Yes, and that we should consume less caffeine in the evening to improve rest quality. I should probably stop having espressos after 6 p.m...",NA
"25","Group3",21,"P","Good resolution! Otherwise, did you see that the big film festival announced its official selection?",NA
"25","Group3",22,"I","Yes, and it's mostly independent directors drawing attention this year, more so than the big studio stars.","I_22.mp3"
"25","Group3",23,"SA","That's for the best. I hope to see some truly creative stories on the big screen this summer.","SA_23.mp3"
"25","Group3",24,"SA","In the meantime, the national stadium will host the world finals next weekend.","SA_24.mp3"
"25","Group3",25,"P","I know! Tickets sold out five minutes after they went online. It's crazy.",NA
"25","Group3",26,"I","Fans are coming from every continent to support their favorite teams. The atmosphere is going to be electric.","I_26.mp3"
"25","Group3",27,"I","Our city is going to change its face again with all of this. Modern architecture is already transforming the skyline of our beautiful waterfront.","I_27.mp3"
"25","Group3",28,"SA","Yes, those new glass towers rising above the old port district... it's impressive, even if I'm a bit nostalgic.","SA_28.mp3"
"25","Group3",29,"P","Me too. Maybe that's why I prefer reading a paper newspaper with a good hot coffee.",NA
"25","Group3",30,"I","Same here. It feels good to disconnect from the digital world for a moment... especially when the news moves at a hundred miles an hour.","I_30.mp3"
"26","Group3",1,"I","Have you noticed how today's news seems to fly by faster than we can keep up? I feel like I'm constantly chasing information.","I_1.mp3"
"26","Group3",2,"P","Absolutely. I listen to a podcast every morning to see what's happened in the world. Otherwise, I feel out of the loop before breakfast is even over.",NA
"26","Group3",3,"SA","Right now, local politics is becoming the main headline of the daily paper. It's almost all anyone talks about anymore.","SA_3.mp3"
"26","Group3",4,"I","Yes, especially with the two candidates fighting to take the lead in the latest polls. It's a neck-and-neck race.","I_4.mp3"
"26","Group3",5,"SA","And they both promised to fix the roads before next winter... We'll see if that actually happens.","SA_5.mp3"
"26","Group3",6,"P","Speaking of ambitious promises, did you see the news about space exploration? The new lunar base marks a major milestone.",NA
"26","Group3",7,"I","Yes! Astronauts are preparing to live there for at least six consecutive months. It's fascinating.","I_7.mp3"
"26","Group3",8,"P","This mission could really help us better understand the history of our solar system. We're living in an incredible era.",NA
"26","Group3",9,"SA","Incredible... and a bit unstable too. Tech stocks plummeted suddenly during late afternoon trading.","SA_9.mp3"
"26","Group3",10,"P","Investors are worried about the new regulations on artificial intelligence tools, apparently.",NA
"26","Group3",11,"P","Economic experts are still saying to stay calm despite the market volatility. Easier said than done.",NA
"26","Group3",12,"SA","For sure. Hey, on a completely different note, a rare painting was discovered in a dusty old attic today.","SA_12.mp3"
"26","Group3",13,"SA","Yes, I read that! Art historians think it might belong to a famous Italian master.","SA_13.mp3"
"26","Group3",14,"P","And the auction house expects a price of several million. It goes to show, you should always rummage through your grandparents' attics...",NA
"26","Group3",15,"I","If only! Regarding scientific discoveries, climate change is affecting the migration patterns of many wild birds.","I_15.mp3"
"26","Group3",16,"SA","Yes, and they're arriving much earlier than they did only a decade ago.","SA_16.mp3"
"26","Group3",17,"I","Scientists are tracking their movements using small satellite tags; it's impressive.","I_17.mp3"
"26","Group3",18,"SA","Exactly. Migration patterns are being completely disrupted.","SA_18.mp3"
"26","Group3",19,"I","That reminds me of the Ministry of Health's report on sleep. They say most people need seven hours to stay efficient.","I_19.mp3"
"26","Group3",20,"P","Yes, and that we should consume less caffeine in the evening to improve rest quality. I should probably stop having espressos after 6 p.m...",NA
"26","Group3",21,"P","Good resolution! Otherwise, did you see that the big film festival announced its official selection?",NA
"26","Group3",22,"I","Yes, and it's mostly independent directors drawing attention this year, more so than the big studio stars.","I_22.mp3"
"26","Group3",23,"SA","That's for the best. I hope to see some truly creative stories on the big screen this summer.","SA_23.mp3"
"26","Group3",24,"SA","In the meantime, the national stadium will host the world finals next weekend.","SA_24.mp3"
"26","Group3",25,"P","I know! Tickets sold out five minutes after they went online. It's crazy.",NA
"26","Group3",26,"I","Fans are coming from every continent to support their favorite teams. The atmosphere is going to be electric.","I_26.mp3"
"26","Group3",27,"I","Our city is going to change its face again with all of this. Modern architecture is already transforming the skyline of our beautiful waterfront.","I_27.mp3"
"26","Group3",28,"SA","Yes, those new glass towers rising above the old port district... it's impressive, even if I'm a bit nostalgic.","SA_28.mp3"
"26","Group3",29,"P","Me too. Maybe that's why I prefer reading a paper newspaper with a good hot coffee.",NA
"26","Group3",30,"I","Same here. It feels good to disconnect from the digital world for a moment... especially when the news moves at a hundred miles an hour.","I_30.mp3"
"27","Group3",1,"I","Have you noticed how today's news seems to fly by faster than we can keep up? I feel like I'm constantly chasing information.","I_1.mp3"
"27","Group3",2,"P","Absolutely. I listen to a podcast every morning to see what's happened in the world. Otherwise, I feel out of the loop before breakfast is even over.",NA
"27","Group3",3,"SA","Right now, local politics is becoming the main headline of the daily paper. It's almost all anyone talks about anymore.","SA_3.mp3"
"27","Group3",4,"I","Yes, especially with the two candidates fighting to take the lead in the latest polls. It's a neck-and-neck race.","I_4.mp3"
"27","Group3",5,"SA","And they both promised to fix the roads before next winter... We'll see if that actually happens.","SA_5.mp3"
"27","Group3",6,"P","Speaking of ambitious promises, did you see the news about space exploration? The new lunar base marks a major milestone.",NA
"27","Group3",7,"I","Yes! Astronauts are preparing to live there for at least six consecutive months. It's fascinating.","I_7.mp3"
"27","Group3",8,"P","This mission could really help us better understand the history of our solar system. We're living in an incredible era.",NA
"27","Group3",9,"SA","Incredible... and a bit unstable too. Tech stocks plummeted suddenly during late afternoon trading.","SA_9.mp3"
"27","Group3",10,"P","Investors are worried about the new regulations on artificial intelligence tools, apparently.",NA
"27","Group3",11,"P","Economic experts are still saying to stay calm despite the market volatility. Easier said than done.",NA
"27","Group3",12,"SA","For sure. Hey, on a completely different note, a rare painting was discovered in a dusty old attic today.","SA_12.mp3"
"27","Group3",13,"SA","Yes, I read that! Art historians think it might belong to a famous Italian master.","SA_13.mp3"
"27","Group3",14,"P","And the auction house expects a price of several million. It goes to show, you should always rummage through your grandparents' attics...",NA
"27","Group3",15,"I","If only! Regarding scientific discoveries, climate change is affecting the migration patterns of many wild birds.","I_15.mp3"
"27","Group3",16,"SA","Yes, and they're arriving much earlier than they did only a decade ago.","SA_16.mp3"
"27","Group3",17,"I","Scientists are tracking their movements using small satellite tags; it's impressive.","I_17.mp3"
"27","Group3",18,"SA","Exactly. Migration patterns are being completely disrupted.","SA_18.mp3"
"27","Group3",19,"I","That reminds me of the Ministry of Health's report on sleep. They say most people need seven hours to stay efficient.","I_19.mp3"
"27","Group3",20,"P","Yes, and that we should consume less caffeine in the evening to improve rest quality. I should probably stop having espressos after 6 p.m...",NA
"27","Group3",21,"P","Good resolution! Otherwise, did you see that the big film festival announced its official selection?",NA
"27","Group3",22,"I","Yes, and it's mostly independent directors drawing attention this year, more so than the big studio stars.","I_22.mp3"
"27","Group3",23,"SA","That's for the best. I hope to see some truly creative stories on the big screen this summer.","SA_23.mp3"
"27","Group3",24,"SA","In the meantime, the national stadium will host the world finals next weekend.","SA_24.mp3"
"27","Group3",25,"P","I know! Tickets sold out five minutes after they went online. It's crazy.",NA
"27","Group3",26,"I","Fans are coming from every continent to support their favorite teams. The atmosphere is going to be electric.","I_26.mp3"
"27","Group3",27,"I","Our city is going to change its face again with all of this. Modern architecture is already transforming the skyline of our beautiful waterfront.","I_27.mp3"
"27","Group3",28,"SA","Yes, those new glass towers rising above the old port district... it's impressive, even if I'm a bit nostalgic.","SA_28.mp3"
"27","Group3",29,"P","Me too. Maybe that's why I prefer reading a paper newspaper with a good hot coffee.",NA
"27","Group3",30,"I","Same here. It feels good to disconnect from the digital world for a moment... especially when the news moves at a hundred miles an hour.","I_30.mp3"
"28","Group3",1,"I","Have you noticed how today's news seems to fly by faster than we can keep up? I feel like I'm constantly chasing information.","I_1.mp3"
"28","Group3",2,"P","Absolutely. I listen to a podcast every morning to see what's happened in the world. Otherwise, I feel out of the loop before breakfast is even over.",NA
"28","Group3",3,"SA","Right now, local politics is becoming the main headline of the daily paper. It's almost all anyone talks about anymore.","SA_3.mp3"
"28","Group3",4,"I","Yes, especially with the two candidates fighting to take the lead in the latest polls. It's a neck-and-neck race.","I_4.mp3"
"28","Group3",5,"SA","And they both promised to fix the roads before next winter... We'll see if that actually happens.","SA_5.mp3"
"28","Group3",6,"P","Speaking of ambitious promises, did you see the news about space exploration? The new lunar base marks a major milestone.",NA
"28","Group3",7,"I","Yes! Astronauts are preparing to live there for at least six consecutive months. It's fascinating.","I_7.mp3"
"28","Group3",8,"P","This mission could really help us better understand the history of our solar system. We're living in an incredible era.",NA
"28","Group3",9,"SA","Incredible... and a bit unstable too. Tech stocks plummeted suddenly during late afternoon trading.","SA_9.mp3"
"28","Group3",10,"P","Investors are worried about the new regulations on artificial intelligence tools, apparently.",NA
"28","Group3",11,"P","Economic experts are still saying to stay calm despite the market volatility. Easier said than done.",NA
"28","Group3",12,"SA","For sure. Hey, on a completely different note, a rare painting was discovered in a dusty old attic today.","SA_12.mp3"
"28","Group3",13,"SA","Yes, I read that! Art historians think it might belong to a famous Italian master.","SA_13.mp3"
"28","Group3",14,"P","And the auction house expects a price of several million. It goes to show, you should always rummage through your grandparents' attics...",NA
"28","Group3",15,"I","If only! Regarding scientific discoveries, climate change is affecting the migration patterns of many wild birds.","I_15.mp3"
"28","Group3",16,"SA","Yes, and they're arriving much earlier than they did only a decade ago.","SA_16.mp3"
"28","Group3",17,"I","Scientists are tracking their movements using small satellite tags; it's impressive.","I_17.mp3"
"28","Group3",18,"SA","Exactly. Migration patterns are being completely disrupted.","SA_18.mp3"
"28","Group3",19,"I","That reminds me of the Ministry of Health's report on sleep. They say most people need seven hours to stay efficient.","I_19.mp3"
"28","Group3",20,"P","Yes, and that we should consume less caffeine in the evening to improve rest quality. I should probably stop having espressos after 6 p.m...",NA
"28","Group3",21,"P","Good resolution! Otherwise, did you see that the big film festival announced its official selection?",NA
"28","Group3",22,"I","Yes, and it's mostly independent directors drawing attention this year, more so than the big studio stars.","I_22.mp3"
"28","Group3",23,"SA","That's for the best. I hope to see some truly creative stories on the big screen this summer.","SA_23.mp3"
"28","Group3",24,"SA","In the meantime, the national stadium will host the world finals next weekend.","SA_24.mp3"
"28","Group3",25,"P","I know! Tickets sold out five minutes after they went online. It's crazy.",NA
"28","Group3",26,"I","Fans are coming from every continent to support their favorite teams. The atmosphere is going to be electric.","I_26.mp3"
"28","Group3",27,"I","Our city is going to change its face again with all of this. Modern architecture is already transforming the skyline of our beautiful waterfront.","I_27.mp3"
"28","Group3",28,"SA","Yes, those new glass towers rising above the old port district... it's impressive, even if I'm a bit nostalgic.","SA_28.mp3"
"28","Group3",29,"P","Me too. Maybe that's why I prefer reading a paper newspaper with a good hot coffee.",NA
"28","Group3",30,"I","Same here. It feels good to disconnect from the digital world for a moment... especially when the news moves at a hundred miles an hour.","I_30.mp3"
"29","Group3",1,"I","Have you noticed how today's news seems to fly by faster than we can keep up? I feel like I'm constantly chasing information.","I_1.mp3"
"29","Group3",2,"P","Absolutely. I listen to a podcast every morning to see what's happened in the world. Otherwise, I feel out of the loop before breakfast is even over.",NA
"29","Group3",3,"SA","Right now, local politics is becoming the main headline of the daily paper. It's almost all anyone talks about anymore.","SA_3.mp3"
"29","Group3",4,"I","Yes, especially with the two candidates fighting to take the lead in the latest polls. It's a neck-and-neck race.","I_4.mp3"
"29","Group3",5,"SA","And they both promised to fix the roads before next winter... We'll see if that actually happens.","SA_5.mp3"
"29","Group3",6,"P","Speaking of ambitious promises, did you see the news about space exploration? The new lunar base marks a major milestone.",NA
"29","Group3",7,"I","Yes! Astronauts are preparing to live there for at least six consecutive months. It's fascinating.","I_7.mp3"
"29","Group3",8,"P","This mission could really help us better understand the history of our solar system. We're living in an incredible era.",NA
"29","Group3",9,"SA","Incredible... and a bit unstable too. Tech stocks plummeted suddenly during late afternoon trading.","SA_9.mp3"
"29","Group3",10,"P","Investors are worried about the new regulations on artificial intelligence tools, apparently.",NA
"29","Group3",11,"P","Economic experts are still saying to stay calm despite the market volatility. Easier said than done.",NA
"29","Group3",12,"SA","For sure. Hey, on a completely different note, a rare painting was discovered in a dusty old attic today.","SA_12.mp3"
"29","Group3",13,"SA","Yes, I read that! Art historians think it might belong to a famous Italian master.","SA_13.mp3"
"29","Group3",14,"P","And the auction house expects a price of several million. It goes to show, you should always rummage through your grandparents' attics...",NA
"29","Group3",15,"I","If only! Regarding scientific discoveries, climate change is affecting the migration patterns of many wild birds.","I_15.mp3"
"29","Group3",16,"SA","Yes, and they're arriving much earlier than they did only a decade ago.","SA_16.mp3"
"29","Group3",17,"I","Scientists are tracking their movements using small satellite tags; it's impressive.","I_17.mp3"
"29","Group3",18,"SA","Exactly. Migration patterns are being completely disrupted.","SA_18.mp3"
"29","Group3",19,"I","That reminds me of the Ministry of Health's report on sleep. They say most people need seven hours to stay efficient.","I_19.mp3"
"29","Group3",20,"P","Yes, and that we should consume less caffeine in the evening to improve rest quality. I should probably stop having espressos after 6 p.m...",NA
"29","Group3",21,"P","Good resolution! Otherwise, did you see that the big film festival announced its official selection?",NA
"29","Group3",22,"I","Yes, and it's mostly independent directors drawing attention this year, more so than the big studio stars.","I_22.mp3"
"29","Group3",23,"SA","That's for the best. I hope to see some truly creative stories on the big screen this summer.","SA_23.mp3"
"29","Group3",24,"SA","In the meantime, the national stadium will host the world finals next weekend.","SA_24.mp3"
"29","Group3",25,"P","I know! Tickets sold out five minutes after they went online. It's crazy.",NA
"29","Group3",26,"I","Fans are coming from every continent to support their favorite teams. The atmosphere is going to be electric.","I_26.mp3"
"29","Group3",27,"I","Our city is going to change its face again with all of this. Modern architecture is already transforming the skyline of our beautiful waterfront.","I_27.mp3"
"29","Group3",28,"SA","Yes, those new glass towers rising above the old port district... it's impressive, even if I'm a bit nostalgic.","SA_28.mp3"
"29","Group3",29,"P","Me too. Maybe that's why I prefer reading a paper newspaper with a good hot coffee.",NA
"29","Group3",30,"I","Same here. It feels good to disconnect from the digital world for a moment... especially when the news moves at a hundred miles an hour.","I_30.mp3"
"30","Group3",1,"I","Have you noticed how today's news seems to fly by faster than we can keep up? I feel like I'm constantly chasing information.","I_1.mp3"
"30","Group3",2,"P","Absolutely. I listen to a podcast every morning to see what's happened in the world. Otherwise, I feel out of the loop before breakfast is even over.",NA
"30","Group3",3,"SA","Right now, local politics is becoming the main headline of the daily paper. It's almost all anyone talks about anymore.","SA_3.mp3"
"30","Group3",4,"I","Yes, especially with the two candidates fighting to take the lead in the latest polls. It's a neck-and-neck race.","I_4.mp3"
"30","Group3",5,"SA","And they both promised to fix the roads before next winter... We'll see if that actually happens.","SA_5.mp3"
"30","Group3",6,"P","Speaking of ambitious promises, did you see the news about space exploration? The new lunar base marks a major milestone.",NA
"30","Group3",7,"I","Yes! Astronauts are preparing to live there for at least six consecutive months. It's fascinating.","I_7.mp3"
"30","Group3",8,"P","This mission could really help us better understand the history of our solar system. We're living in an incredible era.",NA
"30","Group3",9,"SA","Incredible... and a bit unstable too. Tech stocks plummeted suddenly during late afternoon trading.","SA_9.mp3"
"30","Group3",10,"P","Investors are worried about the new regulations on artificial intelligence tools, apparently.",NA
"30","Group3",11,"P","Economic experts are still saying to stay calm despite the market volatility. Easier said than done.",NA
"30","Group3",12,"SA","For sure. Hey, on a completely different note, a rare painting was discovered in a dusty old attic today.","SA_12.mp3"
"30","Group3",13,"SA","Yes, I read that! Art historians think it might belong to a famous Italian master.","SA_13.mp3"
"30","Group3",14,"P","And the auction house expects a price of several million. It goes to show, you should always rummage through your grandparents' attics...",NA
"30","Group3",15,"I","If only! Regarding scientific discoveries, climate change is affecting the migration patterns of many wild birds.","I_15.mp3"
"30","Group3",16,"SA","Yes, and they're arriving much earlier than they did only a decade ago.","SA_16.mp3"
"30","Group3",17,"I","Scientists are tracking their movements using small satellite tags; it's impressive.","I_17.mp3"
"30","Group3",18,"SA","Exactly. Migration patterns are being completely disrupted.","SA_18.mp3"
"30","Group3",19,"I","That reminds me of the Ministry of Health's report on sleep. They say most people need seven hours to stay efficient.","I_19.mp3"
"30","Group3",20,"P","Yes, and that we should consume less caffeine in the evening to improve rest quality. I should probably stop having espressos after 6 p.m...",NA
"30","Group3",21,"P","Good resolution! Otherwise, did you see that the big film festival announced its official selection?",NA
"30","Group3",22,"I","Yes, and it's mostly independent directors drawing attention this year, more so than the big studio stars.","I_22.mp3"
"30","Group3",23,"SA","That's for the best. I hope to see some truly creative stories on the big screen this summer.","SA_23.mp3"
"30","Group3",24,"SA","In the meantime, the national stadium will host the world finals next weekend.","SA_24.mp3"
"30","Group3",25,"P","I know! Tickets sold out five minutes after they went online. It's crazy.",NA
"30","Group3",26,"I","Fans are coming from every continent to support their favorite teams. The atmosphere is going to be electric.","I_26.mp3"
"30","Group3",27,"I","Our city is going to change its face again with all of this. Modern architecture is already transforming the skyline of our beautiful waterfront.","I_27.mp3"
"30","Group3",28,"SA","Yes, those new glass towers rising above the old port district... it's impressive, even if I'm a bit nostalgic.","SA_28.mp3"
"30","Group3",29,"P","Me too. Maybe that's why I prefer reading a paper newspaper with a good hot coffee.",NA
"30","Group3",30,"I","Same here. It feels good to disconnect from the digital world for a moment... especially when the news moves at a hundred miles an hour.","I_30.mp3"
"31","Group3",1,"I","Have you noticed how today's news seems to fly by faster than we can keep up? I feel like I'm constantly chasing information.","I_1.mp3"
"31","Group3",2,"P","Absolutely. I listen to a podcast every morning to see what's happened in the world. Otherwise, I feel out of the loop before breakfast is even over.",NA
"31","Group3",3,"SA","Right now, local politics is becoming the main headline of the daily paper. It's almost all anyone talks about anymore.","SA_3.mp3"
"31","Group3",4,"I","Yes, especially with the two candidates fighting to take the lead in the latest polls. It's a neck-and-neck race.","I_4.mp3"
"31","Group3",5,"SA","And they both promised to fix the roads before next winter... We'll see if that actually happens.","SA_5.mp3"
"31","Group3",6,"P","Speaking of ambitious promises, did you see the news about space exploration? The new lunar base marks a major milestone.",NA
"31","Group3",7,"I","Yes! Astronauts are preparing to live there for at least six consecutive months. It's fascinating.","I_7.mp3"
"31","Group3",8,"P","This mission could really help us better understand the history of our solar system. We're living in an incredible era.",NA
"31","Group3",9,"SA","Incredible... and a bit unstable too. Tech stocks plummeted suddenly during late afternoon trading.","SA_9.mp3"
"31","Group3",10,"P","Investors are worried about the new regulations on artificial intelligence tools, apparently.",NA
"31","Group3",11,"P","Economic experts are still saying to stay calm despite the market volatility. Easier said than done.",NA
"31","Group3",12,"SA","For sure. Hey, on a completely different note, a rare painting was discovered in a dusty old attic today.","SA_12.mp3"
"31","Group3",13,"SA","Yes, I read that! Art historians think it might belong to a famous Italian master.","SA_13.mp3"
"31","Group3",14,"P","And the auction house expects a price of several million. It goes to show, you should always rummage through your grandparents' attics...",NA
"31","Group3",15,"I","If only! Regarding scientific discoveries, climate change is affecting the migration patterns of many wild birds.","I_15.mp3"
"31","Group3",16,"SA","Yes, and they're arriving much earlier than they did only a decade ago.","SA_16.mp3"
"31","Group3",17,"I","Scientists are tracking their movements using small satellite tags; it's impressive.","I_17.mp3"
"31","Group3",18,"SA","Exactly. Migration patterns are being completely disrupted.","SA_18.mp3"
"31","Group3",19,"I","That reminds me of the Ministry of Health's report on sleep. They say most people need seven hours to stay efficient.","I_19.mp3"
"31","Group3",20,"P","Yes, and that we should consume less caffeine in the evening to improve rest quality. I should probably stop having espressos after 6 p.m...",NA
"31","Group3",21,"P","Good resolution! Otherwise, did you see that the big film festival announced its official selection?",NA
"31","Group3",22,"I","Yes, and it's mostly independent directors drawing attention this year, more so than the big studio stars.","I_22.mp3"
"31","Group3",23,"SA","That's for the best. I hope to see some truly creative stories on the big screen this summer.","SA_23.mp3"
"31","Group3",24,"SA","In the meantime, the national stadium will host the world finals next weekend.","SA_24.mp3"
"31","Group3",25,"P","I know! Tickets sold out five minutes after they went online. It's crazy.",NA
"31","Group3",26,"I","Fans are coming from every continent to support their favorite teams. The atmosphere is going to be electric.","I_26.mp3"
"31","Group3",27,"I","Our city is going to change its face again with all of this. Modern architecture is already transforming the skyline of our beautiful waterfront.","I_27.mp3"
"31","Group3",28,"SA","Yes, those new glass towers rising above the old port district... it's impressive, even if I'm a bit nostalgic.","SA_28.mp3"
"31","Group3",29,"P","Me too. Maybe that's why I prefer reading a paper newspaper with a good hot coffee.",NA
"31","Group3",30,"I","Same here. It feels good to disconnect from the digital world for a moment... especially when the news moves at a hundred miles an hour.","I_30.mp3"
"32","Group3",1,"I","Have you noticed how today's news seems to fly by faster than we can keep up? I feel like I'm constantly chasing information.","I_1.mp3"
"32","Group3",2,"P","Absolutely. I listen to a podcast every morning to see what's happened in the world. Otherwise, I feel out of the loop before breakfast is even over.",NA
"32","Group3",3,"SA","Right now, local politics is becoming the main headline of the daily paper. It's almost all anyone talks about anymore.","SA_3.mp3"
"32","Group3",4,"I","Yes, especially with the two candidates fighting to take the lead in the latest polls. It's a neck-and-neck race.","I_4.mp3"
"32","Group3",5,"SA","And they both promised to fix the roads before next winter... We'll see if that actually happens.","SA_5.mp3"
"32","Group3",6,"P","Speaking of ambitious promises, did you see the news about space exploration? The new lunar base marks a major milestone.",NA
"32","Group3",7,"I","Yes! Astronauts are preparing to live there for at least six consecutive months. It's fascinating.","I_7.mp3"
"32","Group3",8,"P","This mission could really help us better understand the history of our solar system. We're living in an incredible era.",NA
"32","Group3",9,"SA","Incredible... and a bit unstable too. Tech stocks plummeted suddenly during late afternoon trading.","SA_9.mp3"
"32","Group3",10,"P","Investors are worried about the new regulations on artificial intelligence tools, apparently.",NA
"32","Group3",11,"P","Economic experts are still saying to stay calm despite the market volatility. Easier said than done.",NA
"32","Group3",12,"SA","For sure. Hey, on a completely different note, a rare painting was discovered in a dusty old attic today.","SA_12.mp3"
"32","Group3",13,"SA","Yes, I read that! Art historians think it might belong to a famous Italian master.","SA_13.mp3"
"32","Group3",14,"P","And the auction house expects a price of several million. It goes to show, you should always rummage through your grandparents' attics...",NA
"32","Group3",15,"I","If only! Regarding scientific discoveries, climate change is affecting the migration patterns of many wild birds.","I_15.mp3"
"32","Group3",16,"SA","Yes, and they're arriving much earlier than they did only a decade ago.","SA_16.mp3"
"32","Group3",17,"I","Scientists are tracking their movements using small satellite tags; it's impressive.","I_17.mp3"
"32","Group3",18,"SA","Exactly. Migration patterns are being completely disrupted.","SA_18.mp3"
"32","Group3",19,"I","That reminds me of the Ministry of Health's report on sleep. They say most people need seven hours to stay efficient.","I_19.mp3"
"32","Group3",20,"P","Yes, and that we should consume less caffeine in the evening to improve rest quality. I should probably stop having espressos after 6 p.m...",NA
"32","Group3",21,"P","Good resolution! Otherwise, did you see that the big film festival announced its official selection?",NA
"32","Group3",22,"I","Yes, and it's mostly independent directors drawing attention this year, more so than the big studio stars.","I_22.mp3"
"32","Group3",23,"SA","That's for the best. I hope to see some truly creative stories on the big screen this summer.","SA_23.mp3"
"32","Group3",24,"SA","In the meantime, the national stadium will host the world finals next weekend.","SA_24.mp3"
"32","Group3",25,"P","I know! Tickets sold out five minutes after they went online. It's crazy.",NA
"32","Group3",26,"I","Fans are coming from every continent to support their favorite teams. The atmosphere is going to be electric.","I_26.mp3"
"32","Group3",27,"I","Our city is going to change its face again with all of this. Modern architecture is already transforming the skyline of our beautiful waterfront.","I_27.mp3"
"32","Group3",28,"SA","Yes, those new glass towers rising above the old port district... it's impressive, even if I'm a bit nostalgic.","SA_28.mp3"
"32","Group3",29,"P","Me too. Maybe that's why I prefer reading a paper newspaper with a good hot coffee.",NA
"32","Group3",30,"I","Same here. It feels good to disconnect from the digital world for a moment... especially when the news moves at a hundred miles an hour.","I_30.mp3"
"33","Group3",1,"I","Have you noticed how today's news seems to fly by faster than we can keep up? I feel like I'm constantly chasing information.","I_1.mp3"
"33","Group3",2,"P","Absolutely. I listen to a podcast every morning to see what's happened in the world. Otherwise, I feel out of the loop before breakfast is even over.",NA
"33","Group3",3,"SA","Right now, local politics is becoming the main headline of the daily paper. It's almost all anyone talks about anymore.","SA_3.mp3"
"33","Group3",4,"I","Yes, especially with the two candidates fighting to take the lead in the latest polls. It's a neck-and-neck race.","I_4.mp3"
"33","Group3",5,"SA","And they both promised to fix the roads before next winter... We'll see if that actually happens.","SA_5.mp3"
"33","Group3",6,"P","Speaking of ambitious promises, did you see the news about space exploration? The new lunar base marks a major milestone.",NA
"33","Group3",7,"I","Yes! Astronauts are preparing to live there for at least six consecutive months. It's fascinating.","I_7.mp3"
"33","Group3",8,"P","This mission could really help us better understand the history of our solar system. We're living in an incredible era.",NA
"33","Group3",9,"SA","Incredible... and a bit unstable too. Tech stocks plummeted suddenly during late afternoon trading.","SA_9.mp3"
"33","Group3",10,"P","Investors are worried about the new regulations on artificial intelligence tools, apparently.",NA
"33","Group3",11,"P","Economic experts are still saying to stay calm despite the market volatility. Easier said than done.",NA
"33","Group3",12,"SA","For sure. Hey, on a completely different note, a rare painting was discovered in a dusty old attic today.","SA_12.mp3"
"33","Group3",13,"SA","Yes, I read that! Art historians think it might belong to a famous Italian master.","SA_13.mp3"
"33","Group3",14,"P","And the auction house expects a price of several million. It goes to show, you should always rummage through your grandparents' attics...",NA
"33","Group3",15,"I","If only! Regarding scientific discoveries, climate change is affecting the migration patterns of many wild birds.","I_15.mp3"
"33","Group3",16,"SA","Yes, and they're arriving much earlier than they did only a decade ago.","SA_16.mp3"
"33","Group3",17,"I","Scientists are tracking their movements using small satellite tags; it's impressive.","I_17.mp3"
"33","Group3",18,"SA","Exactly. Migration patterns are being completely disrupted.","SA_18.mp3"
"33","Group3",19,"I","That reminds me of the Ministry of Health's report on sleep. They say most people need seven hours to stay efficient.","I_19.mp3"
"33","Group3",20,"P","Yes, and that we should consume less caffeine in the evening to improve rest quality. I should probably stop having espressos after 6 p.m...",NA
"33","Group3",21,"P","Good resolution! Otherwise, did you see that the big film festival announced its official selection?",NA
"33","Group3",22,"I","Yes, and it's mostly independent directors drawing attention this year, more so than the big studio stars.","I_22.mp3"
"33","Group3",23,"SA","That's for the best. I hope to see some truly creative stories on the big screen this summer.","SA_23.mp3"
"33","Group3",24,"SA","In the meantime, the national stadium will host the world finals next weekend.","SA_24.mp3"
"33","Group3",25,"P","I know! Tickets sold out five minutes after they went online. It's crazy.",NA
"33","Group3",26,"I","Fans are coming from every continent to support their favorite teams. The atmosphere is going to be electric.","I_26.mp3"
"33","Group3",27,"I","Our city is going to change its face again with all of this. Modern architecture is already transforming the skyline of our beautiful waterfront.","I_27.mp3"
"33","Group3",28,"SA","Yes, those new glass towers rising above the old port district... it's impressive, even if I'm a bit nostalgic.","SA_28.mp3"
"33","Group3",29,"P","Me too. Maybe that's why I prefer reading a paper newspaper with a good hot coffee.",NA
"33","Group3",30,"I","Same here. It feels good to disconnect from the digital world for a moment... especially when the news moves at a hundred miles an hour.","I_30.mp3"
"34","Group3",1,"I","Have you noticed how today's news seems to fly by faster than we can keep up? I feel like I'm constantly chasing information.","I_1.mp3"
"34","Group3",2,"P","Absolutely. I listen to a podcast every morning to see what's happened in the world. Otherwise, I feel out of the loop before breakfast is even over.",NA
"34","Group3",3,"SA","Right now, local politics is becoming the main headline of the daily paper. It's almost all anyone talks about anymore.","SA_3.mp3"
"34","Group3",4,"I","Yes, especially with the two candidates fighting to take the lead in the latest polls. It's a neck-and-neck race.","I_4.mp3"
"34","Group3",5,"SA","And they both promised to fix the roads before next winter... We'll see if that actually happens.","SA_5.mp3"
"34","Group3",6,"P","Speaking of ambitious promises, did you see the news about space exploration? The new lunar base marks a major milestone.",NA
"34","Group3",7,"I","Yes! Astronauts are preparing to live there for at least six consecutive months. It's fascinating.","I_7.mp3"
"34","Group3",8,"P","This mission could really help us better understand the history of our solar system. We're living in an incredible era.",NA
"34","Group3",9,"SA","Incredible... and a bit unstable too. Tech stocks plummeted suddenly during late afternoon trading.","SA_9.mp3"
"34","Group3",10,"P","Investors are worried about the new regulations on artificial intelligence tools, apparently.",NA
"34","Group3",11,"P","Economic experts are still saying to stay calm despite the market volatility. Easier said than done.",NA
"34","Group3",12,"SA","For sure. Hey, on a completely different note, a rare painting was discovered in a dusty old attic today.","SA_12.mp3"
"34","Group3",13,"SA","Yes, I read that! Art historians think it might belong to a famous Italian master.","SA_13.mp3"
"34","Group3",14,"P","And the auction house expects a price of several million. It goes to show, you should always rummage through your grandparents' attics...",NA
"34","Group3",15,"I","If only! Regarding scientific discoveries, climate change is affecting the migration patterns of many wild birds.","I_15.mp3"
"34","Group3",16,"SA","Yes, and they're arriving much earlier than they did only a decade ago.","SA_16.mp3"
"34","Group3",17,"I","Scientists are tracking their movements using small satellite tags; it's impressive.","I_17.mp3"
"34","Group3",18,"SA","Exactly. Migration patterns are being completely disrupted.","SA_18.mp3"
"34","Group3",19,"I","That reminds me of the Ministry of Health's report on sleep. They say most people need seven hours to stay efficient.","I_19.mp3"
"34","Group3",20,"P","Yes, and that we should consume less caffeine in the evening to improve rest quality. I should probably stop having espressos after 6 p.m...",NA
"34","Group3",21,"P","Good resolution! Otherwise, did you see that the big film festival announced its official selection?",NA
"34","Group3",22,"I","Yes, and it's mostly independent directors drawing attention this year, more so than the big studio stars.","I_22.mp3"
"34","Group3",23,"SA","That's for the best. I hope to see some truly creative stories on the big screen this summer.","SA_23.mp3"
"34","Group3",24,"SA","In the meantime, the national stadium will host the world finals next weekend.","SA_24.mp3"
"34","Group3",25,"P","I know! Tickets sold out five minutes after they went online. It's crazy.",NA
"34","Group3",26,"I","Fans are coming from every continent to support their favorite teams. The atmosphere is going to be electric.","I_26.mp3"
"34","Group3",27,"I","Our city is going to change its face again with all of this. Modern architecture is already transforming the skyline of our beautiful waterfront.","I_27.mp3"
"34","Group3",28,"SA","Yes, those new glass towers rising above the old port district... it's impressive, even if I'm a bit nostalgic.","SA_28.mp3"
"34","Group3",29,"P","Me too. Maybe that's why I prefer reading a paper newspaper with a good hot coffee.",NA
"34","Group3",30,"I","Same here. It feels good to disconnect from the digital world for a moment... especially when the news moves at a hundred miles an hour.","I_30.mp3"
"35","Group3",1,"I","Have you noticed how today's news seems to fly by faster than we can keep up? I feel like I'm constantly chasing information.","I_1.mp3"
"35","Group3",2,"P","Absolutely. I listen to a podcast every morning to see what's happened in the world. Otherwise, I feel out of the loop before breakfast is even over.",NA
"35","Group3",3,"SA","Right now, local politics is becoming the main headline of the daily paper. It's almost all anyone talks about anymore.","SA_3.mp3"
"35","Group3",4,"I","Yes, especially with the two candidates fighting to take the lead in the latest polls. It's a neck-and-neck race.","I_4.mp3"
"35","Group3",5,"SA","And they both promised to fix the roads before next winter... We'll see if that actually happens.","SA_5.mp3"
"35","Group3",6,"P","Speaking of ambitious promises, did you see the news about space exploration? The new lunar base marks a major milestone.",NA
"35","Group3",7,"I","Yes! Astronauts are preparing to live there for at least six consecutive months. It's fascinating.","I_7.mp3"
"35","Group3",8,"P","This mission could really help us better understand the history of our solar system. We're living in an incredible era.",NA
"35","Group3",9,"SA","Incredible... and a bit unstable too. Tech stocks plummeted suddenly during late afternoon trading.","SA_9.mp3"
"35","Group3",10,"P","Investors are worried about the new regulations on artificial intelligence tools, apparently.",NA
"35","Group3",11,"P","Economic experts are still saying to stay calm despite the market volatility. Easier said than done.",NA
"35","Group3",12,"SA","For sure. Hey, on a completely different note, a rare painting was discovered in a dusty old attic today.","SA_12.mp3"
"35","Group3",13,"SA","Yes, I read that! Art historians think it might belong to a famous Italian master.","SA_13.mp3"
"35","Group3",14,"P","And the auction house expects a price of several million. It goes to show, you should always rummage through your grandparents' attics...",NA
"35","Group3",15,"I","If only! Regarding scientific discoveries, climate change is affecting the migration patterns of many wild birds.","I_15.mp3"
"35","Group3",16,"SA","Yes, and they're arriving much earlier than they did only a decade ago.","SA_16.mp3"
"35","Group3",17,"I","Scientists are tracking their movements using small satellite tags; it's impressive.","I_17.mp3"
"35","Group3",18,"SA","Exactly. Migration patterns are being completely disrupted.","SA_18.mp3"
"35","Group3",19,"I","That reminds me of the Ministry of Health's report on sleep. They say most people need seven hours to stay efficient.","I_19.mp3"
"35","Group3",20,"P","Yes, and that we should consume less caffeine in the evening to improve rest quality. I should probably stop having espressos after 6 p.m...",NA
"35","Group3",21,"P","Good resolution! Otherwise, did you see that the big film festival announced its official selection?",NA
"35","Group3",22,"I","Yes, and it's mostly independent directors drawing attention this year, more so than the big studio stars.","I_22.mp3"
"35","Group3",23,"SA","That's for the best. I hope to see some truly creative stories on the big screen this summer.","SA_23.mp3"
"35","Group3",24,"SA","In the meantime, the national stadium will host the world finals next weekend.","SA_24.mp3"
"35","Group3",25,"P","I know! Tickets sold out five minutes after they went online. It's crazy.",NA
"35","Group3",26,"I","Fans are coming from every continent to support their favorite teams. The atmosphere is going to be electric.","I_26.mp3"
"35","Group3",27,"I","Our city is going to change its face again with all of this. Modern architecture is already transforming the skyline of our beautiful waterfront.","I_27.mp3"
"35","Group3",28,"SA","Yes, those new glass towers rising above the old port district... it's impressive, even if I'm a bit nostalgic.","SA_28.mp3"
"35","Group3",29,"P","Me too. Maybe that's why I prefer reading a paper newspaper with a good hot coffee.",NA
"35","Group3",30,"I","Same here. It feels good to disconnect from the digital world for a moment... especially when the news moves at a hundred miles an hour.","I_30.mp3"
"36","Group3",1,"I","Have you noticed how today's news seems to fly by faster than we can keep up? I feel like I'm constantly chasing information.","I_1.mp3"
"36","Group3",2,"P","Absolutely. I listen to a podcast every morning to see what's happened in the world. Otherwise, I feel out of the loop before breakfast is even over.",NA
"36","Group3",3,"SA","Right now, local politics is becoming the main headline of the daily paper. It's almost all anyone talks about anymore.","SA_3.mp3"
"36","Group3",4,"I","Yes, especially with the two candidates fighting to take the lead in the latest polls. It's a neck-and-neck race.","I_4.mp3"
"36","Group3",5,"SA","And they both promised to fix the roads before next winter... We'll see if that actually happens.","SA_5.mp3"
"36","Group3",6,"P","Speaking of ambitious promises, did you see the news about space exploration? The new lunar base marks a major milestone.",NA
"36","Group3",7,"I","Yes! Astronauts are preparing to live there for at least six consecutive months. It's fascinating.","I_7.mp3"
"36","Group3",8,"P","This mission could really help us better understand the history of our solar system. We're living in an incredible era.",NA
"36","Group3",9,"SA","Incredible... and a bit unstable too. Tech stocks plummeted suddenly during late afternoon trading.","SA_9.mp3"
"36","Group3",10,"P","Investors are worried about the new regulations on artificial intelligence tools, apparently.",NA
"36","Group3",11,"P","Economic experts are still saying to stay calm despite the market volatility. Easier said than done.",NA
"36","Group3",12,"SA","For sure. Hey, on a completely different note, a rare painting was discovered in a dusty old attic today.","SA_12.mp3"
"36","Group3",13,"SA","Yes, I read that! Art historians think it might belong to a famous Italian master.","SA_13.mp3"
"36","Group3",14,"P","And the auction house expects a price of several million. It goes to show, you should always rummage through your grandparents' attics...",NA
"36","Group3",15,"I","If only! Regarding scientific discoveries, climate change is affecting the migration patterns of many wild birds.","I_15.mp3"
"36","Group3",16,"SA","Yes, and they're arriving much earlier than they did only a decade ago.","SA_16.mp3"
"36","Group3",17,"I","Scientists are tracking their movements using small satellite tags; it's impressive.","I_17.mp3"
"36","Group3",18,"SA","Exactly. Migration patterns are being completely disrupted.","SA_18.mp3"
"36","Group3",19,"I","That reminds me of the Ministry of Health's report on sleep. They say most people need seven hours to stay efficient.","I_19.mp3"
"36","Group3",20,"P","Yes, and that we should consume less caffeine in the evening to improve rest quality. I should probably stop having espressos after 6 p.m...",NA
"36","Group3",21,"P","Good resolution! Otherwise, did you see that the big film festival announced its official selection?",NA
"36","Group3",22,"I","Yes, and it's mostly independent directors drawing attention this year, more so than the big studio stars.","I_22.mp3"
"36","Group3",23,"SA","That's for the best. I hope to see some truly creative stories on the big screen this summer.","SA_23.mp3"
"36","Group3",24,"SA","In the meantime, the national stadium will host the world finals next weekend.","SA_24.mp3"
"36","Group3",25,"P","I know! Tickets sold out five minutes after they went online. It's crazy.",NA
"36","Group3",26,"I","Fans are coming from every continent to support their favorite teams. The atmosphere is going to be electric.","I_26.mp3"
"36","Group3",27,"I","Our city is going to change its face again with all of this. Modern architecture is already transforming the skyline of our beautiful waterfront.","I_27.mp3"
"36","Group3",28,"SA","Yes, those new glass towers rising above the old port district... it's impressive, even if I'm a bit nostalgic.","SA_28.mp3"
"36","Group3",29,"P","Me too. Maybe that's why I prefer reading a paper newspaper with a good hot coffee.",NA
"36","Group3",30,"I","Same here. It feels good to disconnect from the digital world for a moment... especially when the news moves at a hundred miles an hour.","I_30.mp3"
