"Participant","Group","Line","Speaker","Word","AudioFile"
"P01","Group1",1,"SA","Hello! We need to make progress on our recycling awareness project. Who starts with what?","SA_1.wav"
"P01","Group1",2,"I","I can research local recycling statistics.","I_2.wav"
"P01","Group1",3,"P","Perfect, I’ll outline the project timeline.","P_3.wav"
"P01","Group1",4,"SA","And what about the graphic design?","SA_4.wav"
"P01","Group1",5,"I","I will create the main visual concept.","I_5.wav"
"P01","Group1",6,"P","Great. I can suggest color palettes for the posters.","P_6.wav"
"P01","Group1",7,"SA","Who wants to take care of the texts?","SA_7.wav"
"P01","Group1",8,"I","I’ll write short educational blurbs.","I_8.wav"
"P01","Group1",9,"P","Very well, I’ll draft a few catchy headings.","P_9.wav"
"P01","Group1",10,"SA","We should set a first meeting to review everything.","SA_10.wav"
"P01","Group1",11,"I","Yes, I’ll book a conference room.","I_11.wav"
"P01","Group1",12,"P","I’ll prepare a list of necessary materials.","P_12.wav"
"P01","Group1",13,"SA","Alice can create initial sketches for the illustrations.","SA_13.wav"
"P01","Group1",14,"I","Great, thanks! I’ll make a mood board to inspire the team.","I_14.wav"
"P01","Group1",15,"P","Who wants to propose a slogan for the campaign?","P_15.wav"
"P01","Group1",16,"SA","I can brainstorm some ideas.","SA_16.wav"
"P01","Group1",17,"I","I’ll list potential taglines for social media.","I_17.wav"
"P01","Group1",18,"P","And what about flyers and distribution?","P_18.wav"
"P01","Group1",19,"SA","I can organize locations for poster placement.","SA_19.wav"
"P01","Group1",20,"I","I’ll design a template for the newsletter.","I_20.wav"
"P01","Group1",21,"P","Remember to document progress for the report.","P_21.wav"
"P01","Group1",22,"SA","Yes, I’ll keep track of all sources.","SA_22.wav"
"P01","Group1",23,"I","I’ll compile feedback from team members.","I_23.wav"
"P01","Group1",24,"P","We could do a trial run of our presentation.","P_24.wav"
"P01","Group1",25,"SA","Good idea, I can set up the projector and slides.","SA_25.wav"
"P01","Group1",26,"I","I’ll take photos of the draft materials for reference.","I_26.wav"
"P01","Group1",27,"P","And who will manage social media updates?","P_27.wav"
"P01","Group1",28,"SA","No problem, I can schedule posts.","SA_28.wav"
"P01","Group1",29,"I","Perfect, I’ll prepare a short summary for the stakeholders.","I_29.wav"
"P01","Group1",30,"P","Very well. We’ll meet on Thursday to review everything.","P_30.wav"
"P02","Group1",1,"P","Hello! We need to make progress on our recycling awareness project. Who starts with what?","P_1.wav"
"P02","Group1",2,"SA","I can research local recycling statistics.","SA_2.wav"
"P02","Group1",3,"I","Perfect, I’ll outline the project timeline.","I_3.wav"
"P02","Group1",4,"P","And what about the graphic design?","P_4.wav"
"P02","Group1",5,"SA","I will create the main visual concept.","SA_5.wav"
"P02","Group1",6,"I","Great. I can suggest color palettes for the posters.","I_6.wav"
"P02","Group1",7,"P","Who wants to take care of the texts?","P_7.wav"
"P02","Group1",8,"SA","I’ll write short educational blurbs.","SA_8.wav"
"P02","Group1",9,"I","Very well, I’ll draft a few catchy headings.","I_9.wav"
"P02","Group1",10,"P","We should set a first meeting to review everything.","P_10.wav"
"P02","Group1",11,"SA","Yes, I’ll book a conference room.","SA_11.wav"
"P02","Group1",12,"I","I’ll prepare a list of necessary materials.","I_12.wav"
"P02","Group1",13,"P","Alice can create initial sketches for the illustrations.","P_13.wav"
"P02","Group1",14,"SA","Great, thanks! I’ll make a mood board to inspire the team.","SA_14.wav"
"P02","Group1",15,"I","Who wants to propose a slogan for the campaign?","I_15.wav"
"P02","Group1",16,"P","I can brainstorm some ideas.","P_16.wav"
"P02","Group1",17,"SA","I’ll list potential taglines for social media.","SA_17.wav"
"P02","Group1",18,"I","And what about flyers and distribution?","I_18.wav"
"P02","Group1",19,"P","I can organize locations for poster placement.","P_19.wav"
"P02","Group1",20,"SA","I’ll design a template for the newsletter.","SA_20.wav"
"P02","Group1",21,"I","Remember to document progress for the report.","I_21.wav"
"P02","Group1",22,"P","Yes, I’ll keep track of all sources.","P_22.wav"
"P02","Group1",23,"SA","I’ll compile feedback from team members.","SA_23.wav"
"P02","Group1",24,"I","We could do a trial run of our presentation.","I_24.wav"
"P02","Group1",25,"P","Good idea, I can set up the projector and slides.","P_25.wav"
"P02","Group1",26,"SA","I’ll take photos of the draft materials for reference.","SA_26.wav"
"P02","Group1",27,"I","And who will manage social media updates?","I_27.wav"
"P02","Group1",28,"P","No problem, I can schedule posts.","P_28.wav"
"P02","Group1",29,"SA","Perfect, I’ll prepare a short summary for the stakeholders.","SA_29.wav"
"P02","Group1",30,"I","Very well. We’ll meet on Thursday to review everything.","I_30.wav"
"P03","Group1",1,"I","Hello! We need to make progress on our recycling awareness project. Who starts with what?","I_1.wav"
"P03","Group1",2,"P","I can research local recycling statistics.","P_2.wav"
"P03","Group1",3,"SA","Perfect, I’ll outline the project timeline.","SA_3.wav"
"P03","Group1",4,"I","And what about the graphic design?","I_4.wav"
"P03","Group1",5,"P","I will create the main visual concept.","P_5.wav"
"P03","Group1",6,"SA","Great. I can suggest color palettes for the posters.","SA_6.wav"
"P03","Group1",7,"I","Who wants to take care of the texts?","I_7.wav"
"P03","Group1",8,"P","I’ll write short educational blurbs.","P_8.wav"
"P03","Group1",9,"SA","Very well, I’ll draft a few catchy headings.","SA_9.wav"
"P03","Group1",10,"I","We should set a first meeting to review everything.","I_10.wav"
"P03","Group1",11,"P","Yes, I’ll book a conference room.","P_11.wav"
"P03","Group1",12,"SA","I’ll prepare a list of necessary materials.","SA_12.wav"
"P03","Group1",13,"I","Alice can create initial sketches for the illustrations.","I_13.wav"
"P03","Group1",14,"P","Great, thanks! I’ll make a mood board to inspire the team.","P_14.wav"
"P03","Group1",15,"SA","Who wants to propose a slogan for the campaign?","SA_15.wav"
"P03","Group1",16,"I","I can brainstorm some ideas.","I_16.wav"
"P03","Group1",17,"P","I’ll list potential taglines for social media.","P_17.wav"
"P03","Group1",18,"SA","And what about flyers and distribution?","SA_18.wav"
"P03","Group1",19,"I","I can organize locations for poster placement.","I_19.wav"
"P03","Group1",20,"P","I’ll design a template for the newsletter.","P_20.wav"
"P03","Group1",21,"SA","Remember to document progress for the report.","SA_21.wav"
"P03","Group1",22,"I","Yes, I’ll keep track of all sources.","I_22.wav"
"P03","Group1",23,"P","I’ll compile feedback from team members.","P_23.wav"
"P03","Group1",24,"SA","We could do a trial run of our presentation.","SA_24.wav"
"P03","Group1",25,"I","Good idea, I can set up the projector and slides.","I_25.wav"
"P03","Group1",26,"P","I’ll take photos of the draft materials for reference.","P_26.wav"
"P03","Group1",27,"SA","And who will manage social media updates?","SA_27.wav"
"P03","Group1",28,"I","No problem, I can schedule posts.","I_28.wav"
"P03","Group1",29,"P","Perfect, I’ll prepare a short summary for the stakeholders.","P_29.wav"
"P03","Group1",30,"SA","Very well. We’ll meet on Thursday to review everything.","SA_30.wav"
"P04","Group1",1,"I","Hello! We need to make progress on our recycling awareness project. Who starts with what?","I_1.wav"
"P04","Group1",2,"P","I can research local recycling statistics.","P_2.wav"
"P04","Group1",3,"SA","Perfect, I’ll outline the project timeline.","SA_3.wav"
"P04","Group1",4,"I","And what about the graphic design?","I_4.wav"
"P04","Group1",5,"P","I will create the main visual concept.","P_5.wav"
"P04","Group1",6,"SA","Great. I can suggest color palettes for the posters.","SA_6.wav"
"P04","Group1",7,"I","Who wants to take care of the texts?","I_7.wav"
"P04","Group1",8,"P","I’ll write short educational blurbs.","P_8.wav"
"P04","Group1",9,"SA","Very well, I’ll draft a few catchy headings.","SA_9.wav"
"P04","Group1",10,"I","We should set a first meeting to review everything.","I_10.wav"
"P04","Group1",11,"P","Yes, I’ll book a conference room.","P_11.wav"
"P04","Group1",12,"SA","I’ll prepare a list of necessary materials.","SA_12.wav"
"P04","Group1",13,"I","Alice can create initial sketches for the illustrations.","I_13.wav"
"P04","Group1",14,"P","Great, thanks! I’ll make a mood board to inspire the team.","P_14.wav"
"P04","Group1",15,"SA","Who wants to propose a slogan for the campaign?","SA_15.wav"
"P04","Group1",16,"I","I can brainstorm some ideas.","I_16.wav"
"P04","Group1",17,"P","I’ll list potential taglines for social media.","P_17.wav"
"P04","Group1",18,"SA","And what about flyers and distribution?","SA_18.wav"
"P04","Group1",19,"I","I can organize locations for poster placement.","I_19.wav"
"P04","Group1",20,"P","I’ll design a template for the newsletter.","P_20.wav"
"P04","Group1",21,"SA","Remember to document progress for the report.","SA_21.wav"
"P04","Group1",22,"I","Yes, I’ll keep track of all sources.","I_22.wav"
"P04","Group1",23,"P","I’ll compile feedback from team members.","P_23.wav"
"P04","Group1",24,"SA","We could do a trial run of our presentation.","SA_24.wav"
"P04","Group1",25,"I","Good idea, I can set up the projector and slides.","I_25.wav"
"P04","Group1",26,"P","I’ll take photos of the draft materials for reference.","P_26.wav"
"P04","Group1",27,"SA","And who will manage social media updates?","SA_27.wav"
"P04","Group1",28,"I","No problem, I can schedule posts.","I_28.wav"
"P04","Group1",29,"P","Perfect, I’ll prepare a short summary for the stakeholders.","P_29.wav"
"P04","Group1",30,"SA","Very well. We’ll meet on Thursday to review everything.","SA_30.wav"
"P05","Group1",1,"SA","Hello! We need to make progress on our recycling awareness project. Who starts with what?","SA_1.wav"
"P05","Group1",2,"I","I can research local recycling statistics.","I_2.wav"
"P05","Group1",3,"P","Perfect, I’ll outline the project timeline.","P_3.wav"
"P05","Group1",4,"SA","And what about the graphic design?","SA_4.wav"
"P05","Group1",5,"I","I will create the main visual concept.","I_5.wav"
"P05","Group1",6,"P","Great. I can suggest color palettes for the posters.","P_6.wav"
"P05","Group1",7,"SA","Who wants to take care of the texts?","SA_7.wav"
"P05","Group1",8,"I","I’ll write short educational blurbs.","I_8.wav"
"P05","Group1",9,"P","Very well, I’ll draft a few catchy headings.","P_9.wav"
"P05","Group1",10,"SA","We should set a first meeting to review everything.","SA_10.wav"
"P05","Group1",11,"I","Yes, I’ll book a conference room.","I_11.wav"
"P05","Group1",12,"P","I’ll prepare a list of necessary materials.","P_12.wav"
"P05","Group1",13,"SA","Alice can create initial sketches for the illustrations.","SA_13.wav"
"P05","Group1",14,"I","Great, thanks! I’ll make a mood board to inspire the team.","I_14.wav"
"P05","Group1",15,"P","Who wants to propose a slogan for the campaign?","P_15.wav"
"P05","Group1",16,"SA","I can brainstorm some ideas.","SA_16.wav"
"P05","Group1",17,"I","I’ll list potential taglines for social media.","I_17.wav"
"P05","Group1",18,"P","And what about flyers and distribution?","P_18.wav"
"P05","Group1",19,"SA","I can organize locations for poster placement.","SA_19.wav"
"P05","Group1",20,"I","I’ll design a template for the newsletter.","I_20.wav"
"P05","Group1",21,"P","Remember to document progress for the report.","P_21.wav"
"P05","Group1",22,"SA","Yes, I’ll keep track of all sources.","SA_22.wav"
"P05","Group1",23,"I","I’ll compile feedback from team members.","I_23.wav"
"P05","Group1",24,"P","We could do a trial run of our presentation.","P_24.wav"
"P05","Group1",25,"SA","Good idea, I can set up the projector and slides.","SA_25.wav"
"P05","Group1",26,"I","I’ll take photos of the draft materials for reference.","I_26.wav"
"P05","Group1",27,"P","And who will manage social media updates?","P_27.wav"
"P05","Group1",28,"SA","No problem, I can schedule posts.","SA_28.wav"
"P05","Group1",29,"I","Perfect, I’ll prepare a short summary for the stakeholders.","I_29.wav"
"P05","Group1",30,"P","Very well. We’ll meet on Thursday to review everything.","P_30.wav"
"P06","Group1",1,"SA","Hello! We need to make progress on our recycling awareness project. Who starts with what?","SA_1.wav"
"P06","Group1",2,"I","I can research local recycling statistics.","I_2.wav"
"P06","Group1",3,"P","Perfect, I’ll outline the project timeline.","P_3.wav"
"P06","Group1",4,"SA","And what about the graphic design?","SA_4.wav"
"P06","Group1",5,"I","I will create the main visual concept.","I_5.wav"
"P06","Group1",6,"P","Great. I can suggest color palettes for the posters.","P_6.wav"
"P06","Group1",7,"SA","Who wants to take care of the texts?","SA_7.wav"
"P06","Group1",8,"I","I’ll write short educational blurbs.","I_8.wav"
"P06","Group1",9,"P","Very well, I’ll draft a few catchy headings.","P_9.wav"
"P06","Group1",10,"SA","We should set a first meeting to review everything.","SA_10.wav"
"P06","Group1",11,"I","Yes, I’ll book a conference room.","I_11.wav"
"P06","Group1",12,"P","I’ll prepare a list of necessary materials.","P_12.wav"
"P06","Group1",13,"SA","Alice can create initial sketches for the illustrations.","SA_13.wav"
"P06","Group1",14,"I","Great, thanks! I’ll make a mood board to inspire the team.","I_14.wav"
"P06","Group1",15,"P","Who wants to propose a slogan for the campaign?","P_15.wav"
"P06","Group1",16,"SA","I can brainstorm some ideas.","SA_16.wav"
"P06","Group1",17,"I","I’ll list potential taglines for social media.","I_17.wav"
"P06","Group1",18,"P","And what about flyers and distribution?","P_18.wav"
"P06","Group1",19,"SA","I can organize locations for poster placement.","SA_19.wav"
"P06","Group1",20,"I","I’ll design a template for the newsletter.","I_20.wav"
"P06","Group1",21,"P","Remember to document progress for the report.","P_21.wav"
"P06","Group1",22,"SA","Yes, I’ll keep track of all sources.","SA_22.wav"
"P06","Group1",23,"I","I’ll compile feedback from team members.","I_23.wav"
"P06","Group1",24,"P","We could do a trial run of our presentation.","P_24.wav"
"P06","Group1",25,"SA","Good idea, I can set up the projector and slides.","SA_25.wav"
"P06","Group1",26,"I","I’ll take photos of the draft materials for reference.","I_26.wav"
"P06","Group1",27,"P","And who will manage social media updates?","P_27.wav"
"P06","Group1",28,"SA","No problem, I can schedule posts.","SA_28.wav"
"P06","Group1",29,"I","Perfect, I’ll prepare a short summary for the stakeholders.","I_29.wav"
"P06","Group1",30,"P","Very well. We’ll meet on Thursday to review everything.","P_30.wav"
"P07","Group1",1,"SA","Hello! We need to make progress on our recycling awareness project. Who starts with what?","SA_1.wav"
"P07","Group1",2,"I","I can research local recycling statistics.","I_2.wav"
"P07","Group1",3,"P","Perfect, I’ll outline the project timeline.","P_3.wav"
"P07","Group1",4,"SA","And what about the graphic design?","SA_4.wav"
"P07","Group1",5,"I","I will create the main visual concept.","I_5.wav"
"P07","Group1",6,"P","Great. I can suggest color palettes for the posters.","P_6.wav"
"P07","Group1",7,"SA","Who wants to take care of the texts?","SA_7.wav"
"P07","Group1",8,"I","I’ll write short educational blurbs.","I_8.wav"
"P07","Group1",9,"P","Very well, I’ll draft a few catchy headings.","P_9.wav"
"P07","Group1",10,"SA","We should set a first meeting to review everything.","SA_10.wav"
"P07","Group1",11,"I","Yes, I’ll book a conference room.","I_11.wav"
"P07","Group1",12,"P","I’ll prepare a list of necessary materials.","P_12.wav"
"P07","Group1",13,"SA","Alice can create initial sketches for the illustrations.","SA_13.wav"
"P07","Group1",14,"I","Great, thanks! I’ll make a mood board to inspire the team.","I_14.wav"
"P07","Group1",15,"P","Who wants to propose a slogan for the campaign?","P_15.wav"
"P07","Group1",16,"SA","I can brainstorm some ideas.","SA_16.wav"
"P07","Group1",17,"I","I’ll list potential taglines for social media.","I_17.wav"
"P07","Group1",18,"P","And what about flyers and distribution?","P_18.wav"
"P07","Group1",19,"SA","I can organize locations for poster placement.","SA_19.wav"
"P07","Group1",20,"I","I’ll design a template for the newsletter.","I_20.wav"
"P07","Group1",21,"P","Remember to document progress for the report.","P_21.wav"
"P07","Group1",22,"SA","Yes, I’ll keep track of all sources.","SA_22.wav"
"P07","Group1",23,"I","I’ll compile feedback from team members.","I_23.wav"
"P07","Group1",24,"P","We could do a trial run of our presentation.","P_24.wav"
"P07","Group1",25,"SA","Good idea, I can set up the projector and slides.","SA_25.wav"
"P07","Group1",26,"I","I’ll take photos of the draft materials for reference.","I_26.wav"
"P07","Group1",27,"P","And who will manage social media updates?","P_27.wav"
"P07","Group1",28,"SA","No problem, I can schedule posts.","SA_28.wav"
"P07","Group1",29,"I","Perfect, I’ll prepare a short summary for the stakeholders.","I_29.wav"
"P07","Group1",30,"P","Very well. We’ll meet on Thursday to review everything.","P_30.wav"
"P08","Group1",1,"SA","Hello! We need to make progress on our recycling awareness project. Who starts with what?","SA_1.wav"
"P08","Group1",2,"I","I can research local recycling statistics.","I_2.wav"
"P08","Group1",3,"P","Perfect, I’ll outline the project timeline.","P_3.wav"
"P08","Group1",4,"SA","And what about the graphic design?","SA_4.wav"
"P08","Group1",5,"I","I will create the main visual concept.","I_5.wav"
"P08","Group1",6,"P","Great. I can suggest color palettes for the posters.","P_6.wav"
"P08","Group1",7,"SA","Who wants to take care of the texts?","SA_7.wav"
"P08","Group1",8,"I","I’ll write short educational blurbs.","I_8.wav"
"P08","Group1",9,"P","Very well, I’ll draft a few catchy headings.","P_9.wav"
"P08","Group1",10,"SA","We should set a first meeting to review everything.","SA_10.wav"
"P08","Group1",11,"I","Yes, I’ll book a conference room.","I_11.wav"
"P08","Group1",12,"P","I’ll prepare a list of necessary materials.","P_12.wav"
"P08","Group1",13,"SA","Alice can create initial sketches for the illustrations.","SA_13.wav"
"P08","Group1",14,"I","Great, thanks! I’ll make a mood board to inspire the team.","I_14.wav"
"P08","Group1",15,"P","Who wants to propose a slogan for the campaign?","P_15.wav"
"P08","Group1",16,"SA","I can brainstorm some ideas.","SA_16.wav"
"P08","Group1",17,"I","I’ll list potential taglines for social media.","I_17.wav"
"P08","Group1",18,"P","And what about flyers and distribution?","P_18.wav"
"P08","Group1",19,"SA","I can organize locations for poster placement.","SA_19.wav"
"P08","Group1",20,"I","I’ll design a template for the newsletter.","I_20.wav"
"P08","Group1",21,"P","Remember to document progress for the report.","P_21.wav"
"P08","Group1",22,"SA","Yes, I’ll keep track of all sources.","SA_22.wav"
"P08","Group1",23,"I","I’ll compile feedback from team members.","I_23.wav"
"P08","Group1",24,"P","We could do a trial run of our presentation.","P_24.wav"
"P08","Group1",25,"SA","Good idea, I can set up the projector and slides.","SA_25.wav"
"P08","Group1",26,"I","I’ll take photos of the draft materials for reference.","I_26.wav"
"P08","Group1",27,"P","And who will manage social media updates?","P_27.wav"
"P08","Group1",28,"SA","No problem, I can schedule posts.","SA_28.wav"
"P08","Group1",29,"I","Perfect, I’ll prepare a short summary for the stakeholders.","I_29.wav"
"P08","Group1",30,"P","Very well. We’ll meet on Thursday to review everything.","P_30.wav"
"P09","Group1",1,"SA","Hello! We need to make progress on our recycling awareness project. Who starts with what?","SA_1.wav"
"P09","Group1",2,"I","I can research local recycling statistics.","I_2.wav"
"P09","Group1",3,"P","Perfect, I’ll outline the project timeline.","P_3.wav"
"P09","Group1",4,"SA","And what about the graphic design?","SA_4.wav"
"P09","Group1",5,"I","I will create the main visual concept.","I_5.wav"
"P09","Group1",6,"P","Great. I can suggest color palettes for the posters.","P_6.wav"
"P09","Group1",7,"SA","Who wants to take care of the texts?","SA_7.wav"
"P09","Group1",8,"I","I’ll write short educational blurbs.","I_8.wav"
"P09","Group1",9,"P","Very well, I’ll draft a few catchy headings.","P_9.wav"
"P09","Group1",10,"SA","We should set a first meeting to review everything.","SA_10.wav"
"P09","Group1",11,"I","Yes, I’ll book a conference room.","I_11.wav"
"P09","Group1",12,"P","I’ll prepare a list of necessary materials.","P_12.wav"
"P09","Group1",13,"SA","Alice can create initial sketches for the illustrations.","SA_13.wav"
"P09","Group1",14,"I","Great, thanks! I’ll make a mood board to inspire the team.","I_14.wav"
"P09","Group1",15,"P","Who wants to propose a slogan for the campaign?","P_15.wav"
"P09","Group1",16,"SA","I can brainstorm some ideas.","SA_16.wav"
"P09","Group1",17,"I","I’ll list potential taglines for social media.","I_17.wav"
"P09","Group1",18,"P","And what about flyers and distribution?","P_18.wav"
"P09","Group1",19,"SA","I can organize locations for poster placement.","SA_19.wav"
"P09","Group1",20,"I","I’ll design a template for the newsletter.","I_20.wav"
"P09","Group1",21,"P","Remember to document progress for the report.","P_21.wav"
"P09","Group1",22,"SA","Yes, I’ll keep track of all sources.","SA_22.wav"
"P09","Group1",23,"I","I’ll compile feedback from team members.","I_23.wav"
"P09","Group1",24,"P","We could do a trial run of our presentation.","P_24.wav"
"P09","Group1",25,"SA","Good idea, I can set up the projector and slides.","SA_25.wav"
"P09","Group1",26,"I","I’ll take photos of the draft materials for reference.","I_26.wav"
"P09","Group1",27,"P","And who will manage social media updates?","P_27.wav"
"P09","Group1",28,"SA","No problem, I can schedule posts.","SA_28.wav"
"P09","Group1",29,"I","Perfect, I’ll prepare a short summary for the stakeholders.","I_29.wav"
"P09","Group1",30,"P","Very well. We’ll meet on Thursday to review everything.","P_30.wav"
"P10","Group1",1,"I","Hello! We need to make progress on our recycling awareness project. Who starts with what?","I_1.wav"
"P10","Group1",2,"P","I can research local recycling statistics.","P_2.wav"
"P10","Group1",3,"SA","Perfect, I’ll outline the project timeline.","SA_3.wav"
"P10","Group1",4,"I","And what about the graphic design?","I_4.wav"
"P10","Group1",5,"P","I will create the main visual concept.","P_5.wav"
"P10","Group1",6,"SA","Great. I can suggest color palettes for the posters.","SA_6.wav"
"P10","Group1",7,"I","Who wants to take care of the texts?","I_7.wav"
"P10","Group1",8,"P","I’ll write short educational blurbs.","P_8.wav"
"P10","Group1",9,"SA","Very well, I’ll draft a few catchy headings.","SA_9.wav"
"P10","Group1",10,"I","We should set a first meeting to review everything.","I_10.wav"
"P10","Group1",11,"P","Yes, I’ll book a conference room.","P_11.wav"
"P10","Group1",12,"SA","I’ll prepare a list of necessary materials.","SA_12.wav"
"P10","Group1",13,"I","Alice can create initial sketches for the illustrations.","I_13.wav"
"P10","Group1",14,"P","Great, thanks! I’ll make a mood board to inspire the team.","P_14.wav"
"P10","Group1",15,"SA","Who wants to propose a slogan for the campaign?","SA_15.wav"
"P10","Group1",16,"I","I can brainstorm some ideas.","I_16.wav"
"P10","Group1",17,"P","I’ll list potential taglines for social media.","P_17.wav"
"P10","Group1",18,"SA","And what about flyers and distribution?","SA_18.wav"
"P10","Group1",19,"I","I can organize locations for poster placement.","I_19.wav"
"P10","Group1",20,"P","I’ll design a template for the newsletter.","P_20.wav"
"P10","Group1",21,"SA","Remember to document progress for the report.","SA_21.wav"
"P10","Group1",22,"I","Yes, I’ll keep track of all sources.","I_22.wav"
"P10","Group1",23,"P","I’ll compile feedback from team members.","P_23.wav"
"P10","Group1",24,"SA","We could do a trial run of our presentation.","SA_24.wav"
"P10","Group1",25,"I","Good idea, I can set up the projector and slides.","I_25.wav"
"P10","Group1",26,"P","I’ll take photos of the draft materials for reference.","P_26.wav"
"P10","Group1",27,"SA","And who will manage social media updates?","SA_27.wav"
"P10","Group1",28,"I","No problem, I can schedule posts.","I_28.wav"
"P10","Group1",29,"P","Perfect, I’ll prepare a short summary for the stakeholders.","P_29.wav"
"P10","Group1",30,"SA","Very well. We’ll meet on Thursday to review everything.","SA_30.wav"
"P11","Group1",1,"P","Hello! We need to make progress on our recycling awareness project. Who starts with what?","P_1.wav"
"P11","Group1",2,"SA","I can research local recycling statistics.","SA_2.wav"
"P11","Group1",3,"I","Perfect, I’ll outline the project timeline.","I_3.wav"
"P11","Group1",4,"P","And what about the graphic design?","P_4.wav"
"P11","Group1",5,"SA","I will create the main visual concept.","SA_5.wav"
"P11","Group1",6,"I","Great. I can suggest color palettes for the posters.","I_6.wav"
"P11","Group1",7,"P","Who wants to take care of the texts?","P_7.wav"
"P11","Group1",8,"SA","I’ll write short educational blurbs.","SA_8.wav"
"P11","Group1",9,"I","Very well, I’ll draft a few catchy headings.","I_9.wav"
"P11","Group1",10,"P","We should set a first meeting to review everything.","P_10.wav"
"P11","Group1",11,"SA","Yes, I’ll book a conference room.","SA_11.wav"
"P11","Group1",12,"I","I’ll prepare a list of necessary materials.","I_12.wav"
"P11","Group1",13,"P","Alice can create initial sketches for the illustrations.","P_13.wav"
"P11","Group1",14,"SA","Great, thanks! I’ll make a mood board to inspire the team.","SA_14.wav"
"P11","Group1",15,"I","Who wants to propose a slogan for the campaign?","I_15.wav"
"P11","Group1",16,"P","I can brainstorm some ideas.","P_16.wav"
"P11","Group1",17,"SA","I’ll list potential taglines for social media.","SA_17.wav"
"P11","Group1",18,"I","And what about flyers and distribution?","I_18.wav"
"P11","Group1",19,"P","I can organize locations for poster placement.","P_19.wav"
"P11","Group1",20,"SA","I’ll design a template for the newsletter.","SA_20.wav"
"P11","Group1",21,"I","Remember to document progress for the report.","I_21.wav"
"P11","Group1",22,"P","Yes, I’ll keep track of all sources.","P_22.wav"
"P11","Group1",23,"SA","I’ll compile feedback from team members.","SA_23.wav"
"P11","Group1",24,"I","We could do a trial run of our presentation.","I_24.wav"
"P11","Group1",25,"P","Good idea, I can set up the projector and slides.","P_25.wav"
"P11","Group1",26,"SA","I’ll take photos of the draft materials for reference.","SA_26.wav"
"P11","Group1",27,"I","And who will manage social media updates?","I_27.wav"
"P11","Group1",28,"P","No problem, I can schedule posts.","P_28.wav"
"P11","Group1",29,"SA","Perfect, I’ll prepare a short summary for the stakeholders.","SA_29.wav"
"P11","Group1",30,"I","Very well. We’ll meet on Thursday to review everything.","I_30.wav"
"P12","Group1",1,"SA","Hello! We need to make progress on our recycling awareness project. Who starts with what?","SA_1.wav"
"P12","Group1",2,"I","I can research local recycling statistics.","I_2.wav"
"P12","Group1",3,"P","Perfect, I’ll outline the project timeline.","P_3.wav"
"P12","Group1",4,"SA","And what about the graphic design?","SA_4.wav"
"P12","Group1",5,"I","I will create the main visual concept.","I_5.wav"
"P12","Group1",6,"P","Great. I can suggest color palettes for the posters.","P_6.wav"
"P12","Group1",7,"SA","Who wants to take care of the texts?","SA_7.wav"
"P12","Group1",8,"I","I’ll write short educational blurbs.","I_8.wav"
"P12","Group1",9,"P","Very well, I’ll draft a few catchy headings.","P_9.wav"
"P12","Group1",10,"SA","We should set a first meeting to review everything.","SA_10.wav"
"P12","Group1",11,"I","Yes, I’ll book a conference room.","I_11.wav"
"P12","Group1",12,"P","I’ll prepare a list of necessary materials.","P_12.wav"
"P12","Group1",13,"SA","Alice can create initial sketches for the illustrations.","SA_13.wav"
"P12","Group1",14,"I","Great, thanks! I’ll make a mood board to inspire the team.","I_14.wav"
"P12","Group1",15,"P","Who wants to propose a slogan for the campaign?","P_15.wav"
"P12","Group1",16,"SA","I can brainstorm some ideas.","SA_16.wav"
"P12","Group1",17,"I","I’ll list potential taglines for social media.","I_17.wav"
"P12","Group1",18,"P","And what about flyers and distribution?","P_18.wav"
"P12","Group1",19,"SA","I can organize locations for poster placement.","SA_19.wav"
"P12","Group1",20,"I","I’ll design a template for the newsletter.","I_20.wav"
"P12","Group1",21,"P","Remember to document progress for the report.","P_21.wav"
"P12","Group1",22,"SA","Yes, I’ll keep track of all sources.","SA_22.wav"
"P12","Group1",23,"I","I’ll compile feedback from team members.","I_23.wav"
"P12","Group1",24,"P","We could do a trial run of our presentation.","P_24.wav"
"P12","Group1",25,"SA","Good idea, I can set up the projector and slides.","SA_25.wav"
"P12","Group1",26,"I","I’ll take photos of the draft materials for reference.","I_26.wav"
"P12","Group1",27,"P","And who will manage social media updates?","P_27.wav"
"P12","Group1",28,"SA","No problem, I can schedule posts.","SA_28.wav"
"P12","Group1",29,"I","Perfect, I’ll prepare a short summary for the stakeholders.","I_29.wav"
"P12","Group1",30,"P","Very well. We’ll meet on Thursday to review everything.","P_30.wav"
"P13","Group1",1,"P","Hello! We need to make progress on our recycling awareness project. Who starts with what?","P_1.wav"
"P13","Group1",2,"SA","I can research local recycling statistics.","SA_2.wav"
"P13","Group1",3,"I","Perfect, I’ll outline the project timeline.","I_3.wav"
"P13","Group1",4,"P","And what about the graphic design?","P_4.wav"
"P13","Group1",5,"SA","I will create the main visual concept.","SA_5.wav"
"P13","Group1",6,"I","Great. I can suggest color palettes for the posters.","I_6.wav"
"P13","Group1",7,"P","Who wants to take care of the texts?","P_7.wav"
"P13","Group1",8,"SA","I’ll write short educational blurbs.","SA_8.wav"
"P13","Group1",9,"I","Very well, I’ll draft a few catchy headings.","I_9.wav"
"P13","Group1",10,"P","We should set a first meeting to review everything.","P_10.wav"
"P13","Group1",11,"SA","Yes, I’ll book a conference room.","SA_11.wav"
"P13","Group1",12,"I","I’ll prepare a list of necessary materials.","I_12.wav"
"P13","Group1",13,"P","Alice can create initial sketches for the illustrations.","P_13.wav"
"P13","Group1",14,"SA","Great, thanks! I’ll make a mood board to inspire the team.","SA_14.wav"
"P13","Group1",15,"I","Who wants to propose a slogan for the campaign?","I_15.wav"
"P13","Group1",16,"P","I can brainstorm some ideas.","P_16.wav"
"P13","Group1",17,"SA","I’ll list potential taglines for social media.","SA_17.wav"
"P13","Group1",18,"I","And what about flyers and distribution?","I_18.wav"
"P13","Group1",19,"P","I can organize locations for poster placement.","P_19.wav"
"P13","Group1",20,"SA","I’ll design a template for the newsletter.","SA_20.wav"
"P13","Group1",21,"I","Remember to document progress for the report.","I_21.wav"
"P13","Group1",22,"P","Yes, I’ll keep track of all sources.","P_22.wav"
"P13","Group1",23,"SA","I’ll compile feedback from team members.","SA_23.wav"
"P13","Group1",24,"I","We could do a trial run of our presentation.","I_24.wav"
"P13","Group1",25,"P","Good idea, I can set up the projector and slides.","P_25.wav"
"P13","Group1",26,"SA","I’ll take photos of the draft materials for reference.","SA_26.wav"
"P13","Group1",27,"I","And who will manage social media updates?","I_27.wav"
"P13","Group1",28,"P","No problem, I can schedule posts.","P_28.wav"
"P13","Group1",29,"SA","Perfect, I’ll prepare a short summary for the stakeholders.","SA_29.wav"
"P13","Group1",30,"I","Very well. We’ll meet on Thursday to review everything.","I_30.wav"
"P14","Group1",1,"I","Hello! We need to make progress on our recycling awareness project. Who starts with what?","I_1.wav"
"P14","Group1",2,"P","I can research local recycling statistics.","P_2.wav"
"P14","Group1",3,"SA","Perfect, I’ll outline the project timeline.","SA_3.wav"
"P14","Group1",4,"I","And what about the graphic design?","I_4.wav"
"P14","Group1",5,"P","I will create the main visual concept.","P_5.wav"
"P14","Group1",6,"SA","Great. I can suggest color palettes for the posters.","SA_6.wav"
"P14","Group1",7,"I","Who wants to take care of the texts?","I_7.wav"
"P14","Group1",8,"P","I’ll write short educational blurbs.","P_8.wav"
"P14","Group1",9,"SA","Very well, I’ll draft a few catchy headings.","SA_9.wav"
"P14","Group1",10,"I","We should set a first meeting to review everything.","I_10.wav"
"P14","Group1",11,"P","Yes, I’ll book a conference room.","P_11.wav"
"P14","Group1",12,"SA","I’ll prepare a list of necessary materials.","SA_12.wav"
"P14","Group1",13,"I","Alice can create initial sketches for the illustrations.","I_13.wav"
"P14","Group1",14,"P","Great, thanks! I’ll make a mood board to inspire the team.","P_14.wav"
"P14","Group1",15,"SA","Who wants to propose a slogan for the campaign?","SA_15.wav"
"P14","Group1",16,"I","I can brainstorm some ideas.","I_16.wav"
"P14","Group1",17,"P","I’ll list potential taglines for social media.","P_17.wav"
"P14","Group1",18,"SA","And what about flyers and distribution?","SA_18.wav"
"P14","Group1",19,"I","I can organize locations for poster placement.","I_19.wav"
"P14","Group1",20,"P","I’ll design a template for the newsletter.","P_20.wav"
"P14","Group1",21,"SA","Remember to document progress for the report.","SA_21.wav"
"P14","Group1",22,"I","Yes, I’ll keep track of all sources.","I_22.wav"
"P14","Group1",23,"P","I’ll compile feedback from team members.","P_23.wav"
"P14","Group1",24,"SA","We could do a trial run of our presentation.","SA_24.wav"
"P14","Group1",25,"I","Good idea, I can set up the projector and slides.","I_25.wav"
"P14","Group1",26,"P","I’ll take photos of the draft materials for reference.","P_26.wav"
"P14","Group1",27,"SA","And who will manage social media updates?","SA_27.wav"
"P14","Group1",28,"I","No problem, I can schedule posts.","I_28.wav"
"P14","Group1",29,"P","Perfect, I’ll prepare a short summary for the stakeholders.","P_29.wav"
"P14","Group1",30,"SA","Very well. We’ll meet on Thursday to review everything.","SA_30.wav"
"P15","Group1",1,"I","Hello! We need to make progress on our recycling awareness project. Who starts with what?","I_1.wav"
"P15","Group1",2,"P","I can research local recycling statistics.","P_2.wav"
"P15","Group1",3,"SA","Perfect, I’ll outline the project timeline.","SA_3.wav"
"P15","Group1",4,"I","And what about the graphic design?","I_4.wav"
"P15","Group1",5,"P","I will create the main visual concept.","P_5.wav"
"P15","Group1",6,"SA","Great. I can suggest color palettes for the posters.","SA_6.wav"
"P15","Group1",7,"I","Who wants to take care of the texts?","I_7.wav"
"P15","Group1",8,"P","I’ll write short educational blurbs.","P_8.wav"
"P15","Group1",9,"SA","Very well, I’ll draft a few catchy headings.","SA_9.wav"
"P15","Group1",10,"I","We should set a first meeting to review everything.","I_10.wav"
"P15","Group1",11,"P","Yes, I’ll book a conference room.","P_11.wav"
"P15","Group1",12,"SA","I’ll prepare a list of necessary materials.","SA_12.wav"
"P15","Group1",13,"I","Alice can create initial sketches for the illustrations.","I_13.wav"
"P15","Group1",14,"P","Great, thanks! I’ll make a mood board to inspire the team.","P_14.wav"
"P15","Group1",15,"SA","Who wants to propose a slogan for the campaign?","SA_15.wav"
"P15","Group1",16,"I","I can brainstorm some ideas.","I_16.wav"
"P15","Group1",17,"P","I’ll list potential taglines for social media.","P_17.wav"
"P15","Group1",18,"SA","And what about flyers and distribution?","SA_18.wav"
"P15","Group1",19,"I","I can organize locations for poster placement.","I_19.wav"
"P15","Group1",20,"P","I’ll design a template for the newsletter.","P_20.wav"
"P15","Group1",21,"SA","Remember to document progress for the report.","SA_21.wav"
"P15","Group1",22,"I","Yes, I’ll keep track of all sources.","I_22.wav"
"P15","Group1",23,"P","I’ll compile feedback from team members.","P_23.wav"
"P15","Group1",24,"SA","We could do a trial run of our presentation.","SA_24.wav"
"P15","Group1",25,"I","Good idea, I can set up the projector and slides.","I_25.wav"
"P15","Group1",26,"P","I’ll take photos of the draft materials for reference.","P_26.wav"
"P15","Group1",27,"SA","And who will manage social media updates?","SA_27.wav"
"P15","Group1",28,"I","No problem, I can schedule posts.","I_28.wav"
"P15","Group1",29,"P","Perfect, I’ll prepare a short summary for the stakeholders.","P_29.wav"
"P15","Group1",30,"SA","Very well. We’ll meet on Thursday to review everything.","SA_30.wav"
"P16","Group1",1,"P","Hello! We need to make progress on our recycling awareness project. Who starts with what?","P_1.wav"
"P16","Group1",2,"SA","I can research local recycling statistics.","SA_2.wav"
"P16","Group1",3,"I","Perfect, I’ll outline the project timeline.","I_3.wav"
"P16","Group1",4,"P","And what about the graphic design?","P_4.wav"
"P16","Group1",5,"SA","I will create the main visual concept.","SA_5.wav"
"P16","Group1",6,"I","Great. I can suggest color palettes for the posters.","I_6.wav"
"P16","Group1",7,"P","Who wants to take care of the texts?","P_7.wav"
"P16","Group1",8,"SA","I’ll write short educational blurbs.","SA_8.wav"
"P16","Group1",9,"I","Very well, I’ll draft a few catchy headings.","I_9.wav"
"P16","Group1",10,"P","We should set a first meeting to review everything.","P_10.wav"
"P16","Group1",11,"SA","Yes, I’ll book a conference room.","SA_11.wav"
"P16","Group1",12,"I","I’ll prepare a list of necessary materials.","I_12.wav"
"P16","Group1",13,"P","Alice can create initial sketches for the illustrations.","P_13.wav"
"P16","Group1",14,"SA","Great, thanks! I’ll make a mood board to inspire the team.","SA_14.wav"
"P16","Group1",15,"I","Who wants to propose a slogan for the campaign?","I_15.wav"
"P16","Group1",16,"P","I can brainstorm some ideas.","P_16.wav"
"P16","Group1",17,"SA","I’ll list potential taglines for social media.","SA_17.wav"
"P16","Group1",18,"I","And what about flyers and distribution?","I_18.wav"
"P16","Group1",19,"P","I can organize locations for poster placement.","P_19.wav"
"P16","Group1",20,"SA","I’ll design a template for the newsletter.","SA_20.wav"
"P16","Group1",21,"I","Remember to document progress for the report.","I_21.wav"
"P16","Group1",22,"P","Yes, I’ll keep track of all sources.","P_22.wav"
"P16","Group1",23,"SA","I’ll compile feedback from team members.","SA_23.wav"
"P16","Group1",24,"I","We could do a trial run of our presentation.","I_24.wav"
"P16","Group1",25,"P","Good idea, I can set up the projector and slides.","P_25.wav"
"P16","Group1",26,"SA","I’ll take photos of the draft materials for reference.","SA_26.wav"
"P16","Group1",27,"I","And who will manage social media updates?","I_27.wav"
"P16","Group1",28,"P","No problem, I can schedule posts.","P_28.wav"
"P16","Group1",29,"SA","Perfect, I’ll prepare a short summary for the stakeholders.","SA_29.wav"
"P16","Group1",30,"I","Very well. We’ll meet on Thursday to review everything.","I_30.wav"
"P17","Group1",1,"P","Hello! We need to make progress on our recycling awareness project. Who starts with what?","P_1.wav"
"P17","Group1",2,"SA","I can research local recycling statistics.","SA_2.wav"
"P17","Group1",3,"I","Perfect, I’ll outline the project timeline.","I_3.wav"
"P17","Group1",4,"P","And what about the graphic design?","P_4.wav"
"P17","Group1",5,"SA","I will create the main visual concept.","SA_5.wav"
"P17","Group1",6,"I","Great. I can suggest color palettes for the posters.","I_6.wav"
"P17","Group1",7,"P","Who wants to take care of the texts?","P_7.wav"
"P17","Group1",8,"SA","I’ll write short educational blurbs.","SA_8.wav"
"P17","Group1",9,"I","Very well, I’ll draft a few catchy headings.","I_9.wav"
"P17","Group1",10,"P","We should set a first meeting to review everything.","P_10.wav"
"P17","Group1",11,"SA","Yes, I’ll book a conference room.","SA_11.wav"
"P17","Group1",12,"I","I’ll prepare a list of necessary materials.","I_12.wav"
"P17","Group1",13,"P","Alice can create initial sketches for the illustrations.","P_13.wav"
"P17","Group1",14,"SA","Great, thanks! I’ll make a mood board to inspire the team.","SA_14.wav"
"P17","Group1",15,"I","Who wants to propose a slogan for the campaign?","I_15.wav"
"P17","Group1",16,"P","I can brainstorm some ideas.","P_16.wav"
"P17","Group1",17,"SA","I’ll list potential taglines for social media.","SA_17.wav"
"P17","Group1",18,"I","And what about flyers and distribution?","I_18.wav"
"P17","Group1",19,"P","I can organize locations for poster placement.","P_19.wav"
"P17","Group1",20,"SA","I’ll design a template for the newsletter.","SA_20.wav"
"P17","Group1",21,"I","Remember to document progress for the report.","I_21.wav"
"P17","Group1",22,"P","Yes, I’ll keep track of all sources.","P_22.wav"
"P17","Group1",23,"SA","I’ll compile feedback from team members.","SA_23.wav"
"P17","Group1",24,"I","We could do a trial run of our presentation.","I_24.wav"
"P17","Group1",25,"P","Good idea, I can set up the projector and slides.","P_25.wav"
"P17","Group1",26,"SA","I’ll take photos of the draft materials for reference.","SA_26.wav"
"P17","Group1",27,"I","And who will manage social media updates?","I_27.wav"
"P17","Group1",28,"P","No problem, I can schedule posts.","P_28.wav"
"P17","Group1",29,"SA","Perfect, I’ll prepare a short summary for the stakeholders.","SA_29.wav"
"P17","Group1",30,"I","Very well. We’ll meet on Thursday to review everything.","I_30.wav"
"P18","Group1",1,"P","Hello! We need to make progress on our recycling awareness project. Who starts with what?","P_1.wav"
"P18","Group1",2,"SA","I can research local recycling statistics.","SA_2.wav"
"P18","Group1",3,"I","Perfect, I’ll outline the project timeline.","I_3.wav"
"P18","Group1",4,"P","And what about the graphic design?","P_4.wav"
"P18","Group1",5,"SA","I will create the main visual concept.","SA_5.wav"
"P18","Group1",6,"I","Great. I can suggest color palettes for the posters.","I_6.wav"
"P18","Group1",7,"P","Who wants to take care of the texts?","P_7.wav"
"P18","Group1",8,"SA","I’ll write short educational blurbs.","SA_8.wav"
"P18","Group1",9,"I","Very well, I’ll draft a few catchy headings.","I_9.wav"
"P18","Group1",10,"P","We should set a first meeting to review everything.","P_10.wav"
"P18","Group1",11,"SA","Yes, I’ll book a conference room.","SA_11.wav"
"P18","Group1",12,"I","I’ll prepare a list of necessary materials.","I_12.wav"
"P18","Group1",13,"P","Alice can create initial sketches for the illustrations.","P_13.wav"
"P18","Group1",14,"SA","Great, thanks! I’ll make a mood board to inspire the team.","SA_14.wav"
"P18","Group1",15,"I","Who wants to propose a slogan for the campaign?","I_15.wav"
"P18","Group1",16,"P","I can brainstorm some ideas.","P_16.wav"
"P18","Group1",17,"SA","I’ll list potential taglines for social media.","SA_17.wav"
"P18","Group1",18,"I","And what about flyers and distribution?","I_18.wav"
"P18","Group1",19,"P","I can organize locations for poster placement.","P_19.wav"
"P18","Group1",20,"SA","I’ll design a template for the newsletter.","SA_20.wav"
"P18","Group1",21,"I","Remember to document progress for the report.","I_21.wav"
"P18","Group1",22,"P","Yes, I’ll keep track of all sources.","P_22.wav"
"P18","Group1",23,"SA","I’ll compile feedback from team members.","SA_23.wav"
"P18","Group1",24,"I","We could do a trial run of our presentation.","I_24.wav"
"P18","Group1",25,"P","Good idea, I can set up the projector and slides.","P_25.wav"
"P18","Group1",26,"SA","I’ll take photos of the draft materials for reference.","SA_26.wav"
"P18","Group1",27,"I","And who will manage social media updates?","I_27.wav"
"P18","Group1",28,"P","No problem, I can schedule posts.","P_28.wav"
"P18","Group1",29,"SA","Perfect, I’ll prepare a short summary for the stakeholders.","SA_29.wav"
"P18","Group1",30,"I","Very well. We’ll meet on Thursday to review everything.","I_30.wav"
"P19","Group1",1,"P","Hello! We need to make progress on our recycling awareness project. Who starts with what?","P_1.wav"
"P19","Group1",2,"SA","I can research local recycling statistics.","SA_2.wav"
"P19","Group1",3,"I","Perfect, I’ll outline the project timeline.","I_3.wav"
"P19","Group1",4,"P","And what about the graphic design?","P_4.wav"
"P19","Group1",5,"SA","I will create the main visual concept.","SA_5.wav"
"P19","Group1",6,"I","Great. I can suggest color palettes for the posters.","I_6.wav"
"P19","Group1",7,"P","Who wants to take care of the texts?","P_7.wav"
"P19","Group1",8,"SA","I’ll write short educational blurbs.","SA_8.wav"
"P19","Group1",9,"I","Very well, I’ll draft a few catchy headings.","I_9.wav"
"P19","Group1",10,"P","We should set a first meeting to review everything.","P_10.wav"
"P19","Group1",11,"SA","Yes, I’ll book a conference room.","SA_11.wav"
"P19","Group1",12,"I","I’ll prepare a list of necessary materials.","I_12.wav"
"P19","Group1",13,"P","Alice can create initial sketches for the illustrations.","P_13.wav"
"P19","Group1",14,"SA","Great, thanks! I’ll make a mood board to inspire the team.","SA_14.wav"
"P19","Group1",15,"I","Who wants to propose a slogan for the campaign?","I_15.wav"
"P19","Group1",16,"P","I can brainstorm some ideas.","P_16.wav"
"P19","Group1",17,"SA","I’ll list potential taglines for social media.","SA_17.wav"
"P19","Group1",18,"I","And what about flyers and distribution?","I_18.wav"
"P19","Group1",19,"P","I can organize locations for poster placement.","P_19.wav"
"P19","Group1",20,"SA","I’ll design a template for the newsletter.","SA_20.wav"
"P19","Group1",21,"I","Remember to document progress for the report.","I_21.wav"
"P19","Group1",22,"P","Yes, I’ll keep track of all sources.","P_22.wav"
"P19","Group1",23,"SA","I’ll compile feedback from team members.","SA_23.wav"
"P19","Group1",24,"I","We could do a trial run of our presentation.","I_24.wav"
"P19","Group1",25,"P","Good idea, I can set up the projector and slides.","P_25.wav"
"P19","Group1",26,"SA","I’ll take photos of the draft materials for reference.","SA_26.wav"
"P19","Group1",27,"I","And who will manage social media updates?","I_27.wav"
"P19","Group1",28,"P","No problem, I can schedule posts.","P_28.wav"
"P19","Group1",29,"SA","Perfect, I’ll prepare a short summary for the stakeholders.","SA_29.wav"
"P19","Group1",30,"I","Very well. We’ll meet on Thursday to review everything.","I_30.wav"
"P20","Group1",1,"SA","Hello! We need to make progress on our recycling awareness project. Who starts with what?","SA_1.wav"
"P20","Group1",2,"I","I can research local recycling statistics.","I_2.wav"
"P20","Group1",3,"P","Perfect, I’ll outline the project timeline.","P_3.wav"
"P20","Group1",4,"SA","And what about the graphic design?","SA_4.wav"
"P20","Group1",5,"I","I will create the main visual concept.","I_5.wav"
"P20","Group1",6,"P","Great. I can suggest color palettes for the posters.","P_6.wav"
"P20","Group1",7,"SA","Who wants to take care of the texts?","SA_7.wav"
"P20","Group1",8,"I","I’ll write short educational blurbs.","I_8.wav"
"P20","Group1",9,"P","Very well, I’ll draft a few catchy headings.","P_9.wav"
"P20","Group1",10,"SA","We should set a first meeting to review everything.","SA_10.wav"
"P20","Group1",11,"I","Yes, I’ll book a conference room.","I_11.wav"
"P20","Group1",12,"P","I’ll prepare a list of necessary materials.","P_12.wav"
"P20","Group1",13,"SA","Alice can create initial sketches for the illustrations.","SA_13.wav"
"P20","Group1",14,"I","Great, thanks! I’ll make a mood board to inspire the team.","I_14.wav"
"P20","Group1",15,"P","Who wants to propose a slogan for the campaign?","P_15.wav"
"P20","Group1",16,"SA","I can brainstorm some ideas.","SA_16.wav"
"P20","Group1",17,"I","I’ll list potential taglines for social media.","I_17.wav"
"P20","Group1",18,"P","And what about flyers and distribution?","P_18.wav"
"P20","Group1",19,"SA","I can organize locations for poster placement.","SA_19.wav"
"P20","Group1",20,"I","I’ll design a template for the newsletter.","I_20.wav"
"P20","Group1",21,"P","Remember to document progress for the report.","P_21.wav"
"P20","Group1",22,"SA","Yes, I’ll keep track of all sources.","SA_22.wav"
"P20","Group1",23,"I","I’ll compile feedback from team members.","I_23.wav"
"P20","Group1",24,"P","We could do a trial run of our presentation.","P_24.wav"
"P20","Group1",25,"SA","Good idea, I can set up the projector and slides.","SA_25.wav"
"P20","Group1",26,"I","I’ll take photos of the draft materials for reference.","I_26.wav"
"P20","Group1",27,"P","And who will manage social media updates?","P_27.wav"
"P20","Group1",28,"SA","No problem, I can schedule posts.","SA_28.wav"
"P20","Group1",29,"I","Perfect, I’ll prepare a short summary for the stakeholders.","I_29.wav"
"P20","Group1",30,"P","Very well. We’ll meet on Thursday to review everything.","P_30.wav"
"P21","Group1",1,"I","Hello! We need to make progress on our recycling awareness project. Who starts with what?","I_1.wav"
"P21","Group1",2,"P","I can research local recycling statistics.","P_2.wav"
"P21","Group1",3,"SA","Perfect, I’ll outline the project timeline.","SA_3.wav"
"P21","Group1",4,"I","And what about the graphic design?","I_4.wav"
"P21","Group1",5,"P","I will create the main visual concept.","P_5.wav"
"P21","Group1",6,"SA","Great. I can suggest color palettes for the posters.","SA_6.wav"
"P21","Group1",7,"I","Who wants to take care of the texts?","I_7.wav"
"P21","Group1",8,"P","I’ll write short educational blurbs.","P_8.wav"
"P21","Group1",9,"SA","Very well, I’ll draft a few catchy headings.","SA_9.wav"
"P21","Group1",10,"I","We should set a first meeting to review everything.","I_10.wav"
"P21","Group1",11,"P","Yes, I’ll book a conference room.","P_11.wav"
"P21","Group1",12,"SA","I’ll prepare a list of necessary materials.","SA_12.wav"
"P21","Group1",13,"I","Alice can create initial sketches for the illustrations.","I_13.wav"
"P21","Group1",14,"P","Great, thanks! I’ll make a mood board to inspire the team.","P_14.wav"
"P21","Group1",15,"SA","Who wants to propose a slogan for the campaign?","SA_15.wav"
"P21","Group1",16,"I","I can brainstorm some ideas.","I_16.wav"
"P21","Group1",17,"P","I’ll list potential taglines for social media.","P_17.wav"
"P21","Group1",18,"SA","And what about flyers and distribution?","SA_18.wav"
"P21","Group1",19,"I","I can organize locations for poster placement.","I_19.wav"
"P21","Group1",20,"P","I’ll design a template for the newsletter.","P_20.wav"
"P21","Group1",21,"SA","Remember to document progress for the report.","SA_21.wav"
"P21","Group1",22,"I","Yes, I’ll keep track of all sources.","I_22.wav"
"P21","Group1",23,"P","I’ll compile feedback from team members.","P_23.wav"
"P21","Group1",24,"SA","We could do a trial run of our presentation.","SA_24.wav"
"P21","Group1",25,"I","Good idea, I can set up the projector and slides.","I_25.wav"
"P21","Group1",26,"P","I’ll take photos of the draft materials for reference.","P_26.wav"
"P21","Group1",27,"SA","And who will manage social media updates?","SA_27.wav"
"P21","Group1",28,"I","No problem, I can schedule posts.","I_28.wav"
"P21","Group1",29,"P","Perfect, I’ll prepare a short summary for the stakeholders.","P_29.wav"
"P21","Group1",30,"SA","Very well. We’ll meet on Thursday to review everything.","SA_30.wav"
"P22","Group1",1,"SA","Hello! We need to make progress on our recycling awareness project. Who starts with what?","SA_1.wav"
"P22","Group1",2,"I","I can research local recycling statistics.","I_2.wav"
"P22","Group1",3,"P","Perfect, I’ll outline the project timeline.","P_3.wav"
"P22","Group1",4,"SA","And what about the graphic design?","SA_4.wav"
"P22","Group1",5,"I","I will create the main visual concept.","I_5.wav"
"P22","Group1",6,"P","Great. I can suggest color palettes for the posters.","P_6.wav"
"P22","Group1",7,"SA","Who wants to take care of the texts?","SA_7.wav"
"P22","Group1",8,"I","I’ll write short educational blurbs.","I_8.wav"
"P22","Group1",9,"P","Very well, I’ll draft a few catchy headings.","P_9.wav"
"P22","Group1",10,"SA","We should set a first meeting to review everything.","SA_10.wav"
"P22","Group1",11,"I","Yes, I’ll book a conference room.","I_11.wav"
"P22","Group1",12,"P","I’ll prepare a list of necessary materials.","P_12.wav"
"P22","Group1",13,"SA","Alice can create initial sketches for the illustrations.","SA_13.wav"
"P22","Group1",14,"I","Great, thanks! I’ll make a mood board to inspire the team.","I_14.wav"
"P22","Group1",15,"P","Who wants to propose a slogan for the campaign?","P_15.wav"
"P22","Group1",16,"SA","I can brainstorm some ideas.","SA_16.wav"
"P22","Group1",17,"I","I’ll list potential taglines for social media.","I_17.wav"
"P22","Group1",18,"P","And what about flyers and distribution?","P_18.wav"
"P22","Group1",19,"SA","I can organize locations for poster placement.","SA_19.wav"
"P22","Group1",20,"I","I’ll design a template for the newsletter.","I_20.wav"
"P22","Group1",21,"P","Remember to document progress for the report.","P_21.wav"
"P22","Group1",22,"SA","Yes, I’ll keep track of all sources.","SA_22.wav"
"P22","Group1",23,"I","I’ll compile feedback from team members.","I_23.wav"
"P22","Group1",24,"P","We could do a trial run of our presentation.","P_24.wav"
"P22","Group1",25,"SA","Good idea, I can set up the projector and slides.","SA_25.wav"
"P22","Group1",26,"I","I’ll take photos of the draft materials for reference.","I_26.wav"
"P22","Group1",27,"P","And who will manage social media updates?","P_27.wav"
"P22","Group1",28,"SA","No problem, I can schedule posts.","SA_28.wav"
"P22","Group1",29,"I","Perfect, I’ll prepare a short summary for the stakeholders.","I_29.wav"
"P22","Group1",30,"P","Very well. We’ll meet on Thursday to review everything.","P_30.wav"
"P23","Group1",1,"P","Hello! We need to make progress on our recycling awareness project. Who starts with what?","P_1.wav"
"P23","Group1",2,"SA","I can research local recycling statistics.","SA_2.wav"
"P23","Group1",3,"I","Perfect, I’ll outline the project timeline.","I_3.wav"
"P23","Group1",4,"P","And what about the graphic design?","P_4.wav"
"P23","Group1",5,"SA","I will create the main visual concept.","SA_5.wav"
"P23","Group1",6,"I","Great. I can suggest color palettes for the posters.","I_6.wav"
"P23","Group1",7,"P","Who wants to take care of the texts?","P_7.wav"
"P23","Group1",8,"SA","I’ll write short educational blurbs.","SA_8.wav"
"P23","Group1",9,"I","Very well, I’ll draft a few catchy headings.","I_9.wav"
"P23","Group1",10,"P","We should set a first meeting to review everything.","P_10.wav"
"P23","Group1",11,"SA","Yes, I’ll book a conference room.","SA_11.wav"
"P23","Group1",12,"I","I’ll prepare a list of necessary materials.","I_12.wav"
"P23","Group1",13,"P","Alice can create initial sketches for the illustrations.","P_13.wav"
"P23","Group1",14,"SA","Great, thanks! I’ll make a mood board to inspire the team.","SA_14.wav"
"P23","Group1",15,"I","Who wants to propose a slogan for the campaign?","I_15.wav"
"P23","Group1",16,"P","I can brainstorm some ideas.","P_16.wav"
"P23","Group1",17,"SA","I’ll list potential taglines for social media.","SA_17.wav"
"P23","Group1",18,"I","And what about flyers and distribution?","I_18.wav"
"P23","Group1",19,"P","I can organize locations for poster placement.","P_19.wav"
"P23","Group1",20,"SA","I’ll design a template for the newsletter.","SA_20.wav"
"P23","Group1",21,"I","Remember to document progress for the report.","I_21.wav"
"P23","Group1",22,"P","Yes, I’ll keep track of all sources.","P_22.wav"
"P23","Group1",23,"SA","I’ll compile feedback from team members.","SA_23.wav"
"P23","Group1",24,"I","We could do a trial run of our presentation.","I_24.wav"
"P23","Group1",25,"P","Good idea, I can set up the projector and slides.","P_25.wav"
"P23","Group1",26,"SA","I’ll take photos of the draft materials for reference.","SA_26.wav"
"P23","Group1",27,"I","And who will manage social media updates?","I_27.wav"
"P23","Group1",28,"P","No problem, I can schedule posts.","P_28.wav"
"P23","Group1",29,"SA","Perfect, I’ll prepare a short summary for the stakeholders.","SA_29.wav"
"P23","Group1",30,"I","Very well. We’ll meet on Thursday to review everything.","I_30.wav"
"P24","Group1",1,"I","Hello! We need to make progress on our recycling awareness project. Who starts with what?","I_1.wav"
"P24","Group1",2,"P","I can research local recycling statistics.","P_2.wav"
"P24","Group1",3,"SA","Perfect, I’ll outline the project timeline.","SA_3.wav"
"P24","Group1",4,"I","And what about the graphic design?","I_4.wav"
"P24","Group1",5,"P","I will create the main visual concept.","P_5.wav"
"P24","Group1",6,"SA","Great. I can suggest color palettes for the posters.","SA_6.wav"
"P24","Group1",7,"I","Who wants to take care of the texts?","I_7.wav"
"P24","Group1",8,"P","I’ll write short educational blurbs.","P_8.wav"
"P24","Group1",9,"SA","Very well, I’ll draft a few catchy headings.","SA_9.wav"
"P24","Group1",10,"I","We should set a first meeting to review everything.","I_10.wav"
"P24","Group1",11,"P","Yes, I’ll book a conference room.","P_11.wav"
"P24","Group1",12,"SA","I’ll prepare a list of necessary materials.","SA_12.wav"
"P24","Group1",13,"I","Alice can create initial sketches for the illustrations.","I_13.wav"
"P24","Group1",14,"P","Great, thanks! I’ll make a mood board to inspire the team.","P_14.wav"
"P24","Group1",15,"SA","Who wants to propose a slogan for the campaign?","SA_15.wav"
"P24","Group1",16,"I","I can brainstorm some ideas.","I_16.wav"
"P24","Group1",17,"P","I’ll list potential taglines for social media.","P_17.wav"
"P24","Group1",18,"SA","And what about flyers and distribution?","SA_18.wav"
"P24","Group1",19,"I","I can organize locations for poster placement.","I_19.wav"
"P24","Group1",20,"P","I’ll design a template for the newsletter.","P_20.wav"
"P24","Group1",21,"SA","Remember to document progress for the report.","SA_21.wav"
"P24","Group1",22,"I","Yes, I’ll keep track of all sources.","I_22.wav"
"P24","Group1",23,"P","I’ll compile feedback from team members.","P_23.wav"
"P24","Group1",24,"SA","We could do a trial run of our presentation.","SA_24.wav"
"P24","Group1",25,"I","Good idea, I can set up the projector and slides.","I_25.wav"
"P24","Group1",26,"P","I’ll take photos of the draft materials for reference.","P_26.wav"
"P24","Group1",27,"SA","And who will manage social media updates?","SA_27.wav"
"P24","Group1",28,"I","No problem, I can schedule posts.","I_28.wav"
"P24","Group1",29,"P","Perfect, I’ll prepare a short summary for the stakeholders.","P_29.wav"
"P24","Group1",30,"SA","Very well. We’ll meet on Thursday to review everything.","SA_30.wav"
"P25","Group1",1,"SA","Hello! We need to make progress on our recycling awareness project. Who starts with what?","SA_1.wav"
"P25","Group1",2,"I","I can research local recycling statistics.","I_2.wav"
"P25","Group1",3,"P","Perfect, I’ll outline the project timeline.","P_3.wav"
"P25","Group1",4,"SA","And what about the graphic design?","SA_4.wav"
"P25","Group1",5,"I","I will create the main visual concept.","I_5.wav"
"P25","Group1",6,"P","Great. I can suggest color palettes for the posters.","P_6.wav"
"P25","Group1",7,"SA","Who wants to take care of the texts?","SA_7.wav"
"P25","Group1",8,"I","I’ll write short educational blurbs.","I_8.wav"
"P25","Group1",9,"P","Very well, I’ll draft a few catchy headings.","P_9.wav"
"P25","Group1",10,"SA","We should set a first meeting to review everything.","SA_10.wav"
"P25","Group1",11,"I","Yes, I’ll book a conference room.","I_11.wav"
"P25","Group1",12,"P","I’ll prepare a list of necessary materials.","P_12.wav"
"P25","Group1",13,"SA","Alice can create initial sketches for the illustrations.","SA_13.wav"
"P25","Group1",14,"I","Great, thanks! I’ll make a mood board to inspire the team.","I_14.wav"
"P25","Group1",15,"P","Who wants to propose a slogan for the campaign?","P_15.wav"
"P25","Group1",16,"SA","I can brainstorm some ideas.","SA_16.wav"
"P25","Group1",17,"I","I’ll list potential taglines for social media.","I_17.wav"
"P25","Group1",18,"P","And what about flyers and distribution?","P_18.wav"
"P25","Group1",19,"SA","I can organize locations for poster placement.","SA_19.wav"
"P25","Group1",20,"I","I’ll design a template for the newsletter.","I_20.wav"
"P25","Group1",21,"P","Remember to document progress for the report.","P_21.wav"
"P25","Group1",22,"SA","Yes, I’ll keep track of all sources.","SA_22.wav"
"P25","Group1",23,"I","I’ll compile feedback from team members.","I_23.wav"
"P25","Group1",24,"P","We could do a trial run of our presentation.","P_24.wav"
"P25","Group1",25,"SA","Good idea, I can set up the projector and slides.","SA_25.wav"
"P25","Group1",26,"I","I’ll take photos of the draft materials for reference.","I_26.wav"
"P25","Group1",27,"P","And who will manage social media updates?","P_27.wav"
"P25","Group1",28,"SA","No problem, I can schedule posts.","SA_28.wav"
"P25","Group1",29,"I","Perfect, I’ll prepare a short summary for the stakeholders.","I_29.wav"
"P25","Group1",30,"P","Very well. We’ll meet on Thursday to review everything.","P_30.wav"
"P26","Group1",1,"I","Hello! We need to make progress on our recycling awareness project. Who starts with what?","I_1.wav"
"P26","Group1",2,"P","I can research local recycling statistics.","P_2.wav"
"P26","Group1",3,"SA","Perfect, I’ll outline the project timeline.","SA_3.wav"
"P26","Group1",4,"I","And what about the graphic design?","I_4.wav"
"P26","Group1",5,"P","I will create the main visual concept.","P_5.wav"
"P26","Group1",6,"SA","Great. I can suggest color palettes for the posters.","SA_6.wav"
"P26","Group1",7,"I","Who wants to take care of the texts?","I_7.wav"
"P26","Group1",8,"P","I’ll write short educational blurbs.","P_8.wav"
"P26","Group1",9,"SA","Very well, I’ll draft a few catchy headings.","SA_9.wav"
"P26","Group1",10,"I","We should set a first meeting to review everything.","I_10.wav"
"P26","Group1",11,"P","Yes, I’ll book a conference room.","P_11.wav"
"P26","Group1",12,"SA","I’ll prepare a list of necessary materials.","SA_12.wav"
"P26","Group1",13,"I","Alice can create initial sketches for the illustrations.","I_13.wav"
"P26","Group1",14,"P","Great, thanks! I’ll make a mood board to inspire the team.","P_14.wav"
"P26","Group1",15,"SA","Who wants to propose a slogan for the campaign?","SA_15.wav"
"P26","Group1",16,"I","I can brainstorm some ideas.","I_16.wav"
"P26","Group1",17,"P","I’ll list potential taglines for social media.","P_17.wav"
"P26","Group1",18,"SA","And what about flyers and distribution?","SA_18.wav"
"P26","Group1",19,"I","I can organize locations for poster placement.","I_19.wav"
"P26","Group1",20,"P","I’ll design a template for the newsletter.","P_20.wav"
"P26","Group1",21,"SA","Remember to document progress for the report.","SA_21.wav"
"P26","Group1",22,"I","Yes, I’ll keep track of all sources.","I_22.wav"
"P26","Group1",23,"P","I’ll compile feedback from team members.","P_23.wav"
"P26","Group1",24,"SA","We could do a trial run of our presentation.","SA_24.wav"
"P26","Group1",25,"I","Good idea, I can set up the projector and slides.","I_25.wav"
"P26","Group1",26,"P","I’ll take photos of the draft materials for reference.","P_26.wav"
"P26","Group1",27,"SA","And who will manage social media updates?","SA_27.wav"
"P26","Group1",28,"I","No problem, I can schedule posts.","I_28.wav"
"P26","Group1",29,"P","Perfect, I’ll prepare a short summary for the stakeholders.","P_29.wav"
"P26","Group1",30,"SA","Very well. We’ll meet on Thursday to review everything.","SA_30.wav"
"P27","Group1",1,"SA","Hello! We need to make progress on our recycling awareness project. Who starts with what?","SA_1.wav"
"P27","Group1",2,"I","I can research local recycling statistics.","I_2.wav"
"P27","Group1",3,"P","Perfect, I’ll outline the project timeline.","P_3.wav"
"P27","Group1",4,"SA","And what about the graphic design?","SA_4.wav"
"P27","Group1",5,"I","I will create the main visual concept.","I_5.wav"
"P27","Group1",6,"P","Great. I can suggest color palettes for the posters.","P_6.wav"
"P27","Group1",7,"SA","Who wants to take care of the texts?","SA_7.wav"
"P27","Group1",8,"I","I’ll write short educational blurbs.","I_8.wav"
"P27","Group1",9,"P","Very well, I’ll draft a few catchy headings.","P_9.wav"
"P27","Group1",10,"SA","We should set a first meeting to review everything.","SA_10.wav"
"P27","Group1",11,"I","Yes, I’ll book a conference room.","I_11.wav"
"P27","Group1",12,"P","I’ll prepare a list of necessary materials.","P_12.wav"
"P27","Group1",13,"SA","Alice can create initial sketches for the illustrations.","SA_13.wav"
"P27","Group1",14,"I","Great, thanks! I’ll make a mood board to inspire the team.","I_14.wav"
"P27","Group1",15,"P","Who wants to propose a slogan for the campaign?","P_15.wav"
"P27","Group1",16,"SA","I can brainstorm some ideas.","SA_16.wav"
"P27","Group1",17,"I","I’ll list potential taglines for social media.","I_17.wav"
"P27","Group1",18,"P","And what about flyers and distribution?","P_18.wav"
"P27","Group1",19,"SA","I can organize locations for poster placement.","SA_19.wav"
"P27","Group1",20,"I","I’ll design a template for the newsletter.","I_20.wav"
"P27","Group1",21,"P","Remember to document progress for the report.","P_21.wav"
"P27","Group1",22,"SA","Yes, I’ll keep track of all sources.","SA_22.wav"
"P27","Group1",23,"I","I’ll compile feedback from team members.","I_23.wav"
"P27","Group1",24,"P","We could do a trial run of our presentation.","P_24.wav"
"P27","Group1",25,"SA","Good idea, I can set up the projector and slides.","SA_25.wav"
"P27","Group1",26,"I","I’ll take photos of the draft materials for reference.","I_26.wav"
"P27","Group1",27,"P","And who will manage social media updates?","P_27.wav"
"P27","Group1",28,"SA","No problem, I can schedule posts.","SA_28.wav"
"P27","Group1",29,"I","Perfect, I’ll prepare a short summary for the stakeholders.","I_29.wav"
"P27","Group1",30,"P","Very well. We’ll meet on Thursday to review everything.","P_30.wav"
"P28","Group1",1,"I","Hello! We need to make progress on our recycling awareness project. Who starts with what?","I_1.wav"
"P28","Group1",2,"P","I can research local recycling statistics.","P_2.wav"
"P28","Group1",3,"SA","Perfect, I’ll outline the project timeline.","SA_3.wav"
"P28","Group1",4,"I","And what about the graphic design?","I_4.wav"
"P28","Group1",5,"P","I will create the main visual concept.","P_5.wav"
"P28","Group1",6,"SA","Great. I can suggest color palettes for the posters.","SA_6.wav"
"P28","Group1",7,"I","Who wants to take care of the texts?","I_7.wav"
"P28","Group1",8,"P","I’ll write short educational blurbs.","P_8.wav"
"P28","Group1",9,"SA","Very well, I’ll draft a few catchy headings.","SA_9.wav"
"P28","Group1",10,"I","We should set a first meeting to review everything.","I_10.wav"
"P28","Group1",11,"P","Yes, I’ll book a conference room.","P_11.wav"
"P28","Group1",12,"SA","I’ll prepare a list of necessary materials.","SA_12.wav"
"P28","Group1",13,"I","Alice can create initial sketches for the illustrations.","I_13.wav"
"P28","Group1",14,"P","Great, thanks! I’ll make a mood board to inspire the team.","P_14.wav"
"P28","Group1",15,"SA","Who wants to propose a slogan for the campaign?","SA_15.wav"
"P28","Group1",16,"I","I can brainstorm some ideas.","I_16.wav"
"P28","Group1",17,"P","I’ll list potential taglines for social media.","P_17.wav"
"P28","Group1",18,"SA","And what about flyers and distribution?","SA_18.wav"
"P28","Group1",19,"I","I can organize locations for poster placement.","I_19.wav"
"P28","Group1",20,"P","I’ll design a template for the newsletter.","P_20.wav"
"P28","Group1",21,"SA","Remember to document progress for the report.","SA_21.wav"
"P28","Group1",22,"I","Yes, I’ll keep track of all sources.","I_22.wav"
"P28","Group1",23,"P","I’ll compile feedback from team members.","P_23.wav"
"P28","Group1",24,"SA","We could do a trial run of our presentation.","SA_24.wav"
"P28","Group1",25,"I","Good idea, I can set up the projector and slides.","I_25.wav"
"P28","Group1",26,"P","I’ll take photos of the draft materials for reference.","P_26.wav"
"P28","Group1",27,"SA","And who will manage social media updates?","SA_27.wav"
"P28","Group1",28,"I","No problem, I can schedule posts.","I_28.wav"
"P28","Group1",29,"P","Perfect, I’ll prepare a short summary for the stakeholders.","P_29.wav"
"P28","Group1",30,"SA","Very well. We’ll meet on Thursday to review everything.","SA_30.wav"
"P29","Group1",1,"I","Hello! We need to make progress on our recycling awareness project. Who starts with what?","I_1.wav"
"P29","Group1",2,"P","I can research local recycling statistics.","P_2.wav"
"P29","Group1",3,"SA","Perfect, I’ll outline the project timeline.","SA_3.wav"
"P29","Group1",4,"I","And what about the graphic design?","I_4.wav"
"P29","Group1",5,"P","I will create the main visual concept.","P_5.wav"
"P29","Group1",6,"SA","Great. I can suggest color palettes for the posters.","SA_6.wav"
"P29","Group1",7,"I","Who wants to take care of the texts?","I_7.wav"
"P29","Group1",8,"P","I’ll write short educational blurbs.","P_8.wav"
"P29","Group1",9,"SA","Very well, I’ll draft a few catchy headings.","SA_9.wav"
"P29","Group1",10,"I","We should set a first meeting to review everything.","I_10.wav"
"P29","Group1",11,"P","Yes, I’ll book a conference room.","P_11.wav"
"P29","Group1",12,"SA","I’ll prepare a list of necessary materials.","SA_12.wav"
"P29","Group1",13,"I","Alice can create initial sketches for the illustrations.","I_13.wav"
"P29","Group1",14,"P","Great, thanks! I’ll make a mood board to inspire the team.","P_14.wav"
"P29","Group1",15,"SA","Who wants to propose a slogan for the campaign?","SA_15.wav"
"P29","Group1",16,"I","I can brainstorm some ideas.","I_16.wav"
"P29","Group1",17,"P","I’ll list potential taglines for social media.","P_17.wav"
"P29","Group1",18,"SA","And what about flyers and distribution?","SA_18.wav"
"P29","Group1",19,"I","I can organize locations for poster placement.","I_19.wav"
"P29","Group1",20,"P","I’ll design a template for the newsletter.","P_20.wav"
"P29","Group1",21,"SA","Remember to document progress for the report.","SA_21.wav"
"P29","Group1",22,"I","Yes, I’ll keep track of all sources.","I_22.wav"
"P29","Group1",23,"P","I’ll compile feedback from team members.","P_23.wav"
"P29","Group1",24,"SA","We could do a trial run of our presentation.","SA_24.wav"
"P29","Group1",25,"I","Good idea, I can set up the projector and slides.","I_25.wav"
"P29","Group1",26,"P","I’ll take photos of the draft materials for reference.","P_26.wav"
"P29","Group1",27,"SA","And who will manage social media updates?","SA_27.wav"
"P29","Group1",28,"I","No problem, I can schedule posts.","I_28.wav"
"P29","Group1",29,"P","Perfect, I’ll prepare a short summary for the stakeholders.","P_29.wav"
"P29","Group1",30,"SA","Very well. We’ll meet on Thursday to review everything.","SA_30.wav"
"P30","Group1",1,"P","Hello! We need to make progress on our recycling awareness project. Who starts with what?","P_1.wav"
"P30","Group1",2,"SA","I can research local recycling statistics.","SA_2.wav"
"P30","Group1",3,"I","Perfect, I’ll outline the project timeline.","I_3.wav"
"P30","Group1",4,"P","And what about the graphic design?","P_4.wav"
"P30","Group1",5,"SA","I will create the main visual concept.","SA_5.wav"
"P30","Group1",6,"I","Great. I can suggest color palettes for the posters.","I_6.wav"
"P30","Group1",7,"P","Who wants to take care of the texts?","P_7.wav"
"P30","Group1",8,"SA","I’ll write short educational blurbs.","SA_8.wav"
"P30","Group1",9,"I","Very well, I’ll draft a few catchy headings.","I_9.wav"
"P30","Group1",10,"P","We should set a first meeting to review everything.","P_10.wav"
"P30","Group1",11,"SA","Yes, I’ll book a conference room.","SA_11.wav"
"P30","Group1",12,"I","I’ll prepare a list of necessary materials.","I_12.wav"
"P30","Group1",13,"P","Alice can create initial sketches for the illustrations.","P_13.wav"
"P30","Group1",14,"SA","Great, thanks! I’ll make a mood board to inspire the team.","SA_14.wav"
"P30","Group1",15,"I","Who wants to propose a slogan for the campaign?","I_15.wav"
"P30","Group1",16,"P","I can brainstorm some ideas.","P_16.wav"
"P30","Group1",17,"SA","I’ll list potential taglines for social media.","SA_17.wav"
"P30","Group1",18,"I","And what about flyers and distribution?","I_18.wav"
"P30","Group1",19,"P","I can organize locations for poster placement.","P_19.wav"
"P30","Group1",20,"SA","I’ll design a template for the newsletter.","SA_20.wav"
"P30","Group1",21,"I","Remember to document progress for the report.","I_21.wav"
"P30","Group1",22,"P","Yes, I’ll keep track of all sources.","P_22.wav"
"P30","Group1",23,"SA","I’ll compile feedback from team members.","SA_23.wav"
"P30","Group1",24,"I","We could do a trial run of our presentation.","I_24.wav"
"P30","Group1",25,"P","Good idea, I can set up the projector and slides.","P_25.wav"
"P30","Group1",26,"SA","I’ll take photos of the draft materials for reference.","SA_26.wav"
"P30","Group1",27,"I","And who will manage social media updates?","I_27.wav"
"P30","Group1",28,"P","No problem, I can schedule posts.","P_28.wav"
"P30","Group1",29,"SA","Perfect, I’ll prepare a short summary for the stakeholders.","SA_29.wav"
"P30","Group1",30,"I","Very well. We’ll meet on Thursday to review everything.","I_30.wav"
"P31","Group1",1,"SA","Hello! We need to make progress on our recycling awareness project. Who starts with what?","SA_1.wav"
"P31","Group1",2,"I","I can research local recycling statistics.","I_2.wav"
"P31","Group1",3,"P","Perfect, I’ll outline the project timeline.","P_3.wav"
"P31","Group1",4,"SA","And what about the graphic design?","SA_4.wav"
"P31","Group1",5,"I","I will create the main visual concept.","I_5.wav"
"P31","Group1",6,"P","Great. I can suggest color palettes for the posters.","P_6.wav"
"P31","Group1",7,"SA","Who wants to take care of the texts?","SA_7.wav"
"P31","Group1",8,"I","I’ll write short educational blurbs.","I_8.wav"
"P31","Group1",9,"P","Very well, I’ll draft a few catchy headings.","P_9.wav"
"P31","Group1",10,"SA","We should set a first meeting to review everything.","SA_10.wav"
"P31","Group1",11,"I","Yes, I’ll book a conference room.","I_11.wav"
"P31","Group1",12,"P","I’ll prepare a list of necessary materials.","P_12.wav"
"P31","Group1",13,"SA","Alice can create initial sketches for the illustrations.","SA_13.wav"
"P31","Group1",14,"I","Great, thanks! I’ll make a mood board to inspire the team.","I_14.wav"
"P31","Group1",15,"P","Who wants to propose a slogan for the campaign?","P_15.wav"
"P31","Group1",16,"SA","I can brainstorm some ideas.","SA_16.wav"
"P31","Group1",17,"I","I’ll list potential taglines for social media.","I_17.wav"
"P31","Group1",18,"P","And what about flyers and distribution?","P_18.wav"
"P31","Group1",19,"SA","I can organize locations for poster placement.","SA_19.wav"
"P31","Group1",20,"I","I’ll design a template for the newsletter.","I_20.wav"
"P31","Group1",21,"P","Remember to document progress for the report.","P_21.wav"
"P31","Group1",22,"SA","Yes, I’ll keep track of all sources.","SA_22.wav"
"P31","Group1",23,"I","I’ll compile feedback from team members.","I_23.wav"
"P31","Group1",24,"P","We could do a trial run of our presentation.","P_24.wav"
"P31","Group1",25,"SA","Good idea, I can set up the projector and slides.","SA_25.wav"
"P31","Group1",26,"I","I’ll take photos of the draft materials for reference.","I_26.wav"
"P31","Group1",27,"P","And who will manage social media updates?","P_27.wav"
"P31","Group1",28,"SA","No problem, I can schedule posts.","SA_28.wav"
"P31","Group1",29,"I","Perfect, I’ll prepare a short summary for the stakeholders.","I_29.wav"
"P31","Group1",30,"P","Very well. We’ll meet on Thursday to review everything.","P_30.wav"
"P32","Group1",1,"P","Hello! We need to make progress on our recycling awareness project. Who starts with what?","P_1.wav"
"P32","Group1",2,"SA","I can research local recycling statistics.","SA_2.wav"
"P32","Group1",3,"I","Perfect, I’ll outline the project timeline.","I_3.wav"
"P32","Group1",4,"P","And what about the graphic design?","P_4.wav"
"P32","Group1",5,"SA","I will create the main visual concept.","SA_5.wav"
"P32","Group1",6,"I","Great. I can suggest color palettes for the posters.","I_6.wav"
"P32","Group1",7,"P","Who wants to take care of the texts?","P_7.wav"
"P32","Group1",8,"SA","I’ll write short educational blurbs.","SA_8.wav"
"P32","Group1",9,"I","Very well, I’ll draft a few catchy headings.","I_9.wav"
"P32","Group1",10,"P","We should set a first meeting to review everything.","P_10.wav"
"P32","Group1",11,"SA","Yes, I’ll book a conference room.","SA_11.wav"
"P32","Group1",12,"I","I’ll prepare a list of necessary materials.","I_12.wav"
"P32","Group1",13,"P","Alice can create initial sketches for the illustrations.","P_13.wav"
"P32","Group1",14,"SA","Great, thanks! I’ll make a mood board to inspire the team.","SA_14.wav"
"P32","Group1",15,"I","Who wants to propose a slogan for the campaign?","I_15.wav"
"P32","Group1",16,"P","I can brainstorm some ideas.","P_16.wav"
"P32","Group1",17,"SA","I’ll list potential taglines for social media.","SA_17.wav"
"P32","Group1",18,"I","And what about flyers and distribution?","I_18.wav"
"P32","Group1",19,"P","I can organize locations for poster placement.","P_19.wav"
"P32","Group1",20,"SA","I’ll design a template for the newsletter.","SA_20.wav"
"P32","Group1",21,"I","Remember to document progress for the report.","I_21.wav"
"P32","Group1",22,"P","Yes, I’ll keep track of all sources.","P_22.wav"
"P32","Group1",23,"SA","I’ll compile feedback from team members.","SA_23.wav"
"P32","Group1",24,"I","We could do a trial run of our presentation.","I_24.wav"
"P32","Group1",25,"P","Good idea, I can set up the projector and slides.","P_25.wav"
"P32","Group1",26,"SA","I’ll take photos of the draft materials for reference.","SA_26.wav"
"P32","Group1",27,"I","And who will manage social media updates?","I_27.wav"
"P32","Group1",28,"P","No problem, I can schedule posts.","P_28.wav"
"P32","Group1",29,"SA","Perfect, I’ll prepare a short summary for the stakeholders.","SA_29.wav"
"P32","Group1",30,"I","Very well. We’ll meet on Thursday to review everything.","I_30.wav"
"P33","Group2",1,"SA","Hello! We need to make progress on our recycling awareness project. Who starts with what?","SA_1.wav"
"P33","Group2",2,"I","I can research local recycling statistics.","I_2.wav"
"P33","Group2",3,"P","Perfect, I’ll outline the project timeline.","P_3.wav"
"P33","Group2",4,"SA","And what about the graphic design?","SA_4.wav"
"P33","Group2",5,"I","I will create the main visual concept.","I_5.wav"
"P33","Group2",6,"P","Great. I can suggest color palettes for the posters.","P_6.wav"
"P33","Group2",7,"SA","Who wants to take care of the texts?","SA_7.wav"
"P33","Group2",8,"I","I’ll write short educational blurbs.","I_8.wav"
"P33","Group2",9,"P","Very well, I’ll draft a few catchy headings.","P_9.wav"
"P33","Group2",10,"SA","We should set a first meeting to review everything.","SA_10.wav"
"P33","Group2",11,"I","Yes, I’ll book a conference room.","I_11.wav"
"P33","Group2",12,"P","I’ll prepare a list of necessary materials.","P_12.wav"
"P33","Group2",13,"SA","Alice can create initial sketches for the illustrations.","SA_13.wav"
"P33","Group2",14,"I","Great, thanks! I’ll make a mood board to inspire the team.","I_14.wav"
"P33","Group2",15,"P","Who wants to propose a slogan for the campaign?","P_15.wav"
"P33","Group2",16,"SA","I can brainstorm some ideas.","SA_16.wav"
"P33","Group2",17,"I","I’ll list potential taglines for social media.","I_17.wav"
"P33","Group2",18,"P","And what about flyers and distribution?","P_18.wav"
"P33","Group2",19,"SA","I can organize locations for poster placement.","SA_19.wav"
"P33","Group2",20,"I","I’ll design a template for the newsletter.","I_20.wav"
"P33","Group2",21,"P","Remember to document progress for the report.","P_21.wav"
"P33","Group2",22,"SA","Yes, I’ll keep track of all sources.","SA_22.wav"
"P33","Group2",23,"I","I’ll compile feedback from team members.","I_23.wav"
"P33","Group2",24,"P","We could do a trial run of our presentation.","P_24.wav"
"P33","Group2",25,"SA","Good idea, I can set up the projector and slides.","SA_25.wav"
"P33","Group2",26,"I","I’ll take photos of the draft materials for reference.","I_26.wav"
"P33","Group2",27,"P","And who will manage social media updates?","P_27.wav"
"P33","Group2",28,"SA","No problem, I can schedule posts.","SA_28.wav"
"P33","Group2",29,"I","Perfect, I’ll prepare a short summary for the stakeholders.","I_29.wav"
"P33","Group2",30,"P","Very well. We’ll meet on Thursday to review everything.","P_30.wav"
"P34","Group2",1,"SA","Hello! We need to make progress on our recycling awareness project. Who starts with what?","SA_1.wav"
"P34","Group2",2,"I","I can research local recycling statistics.","I_2.wav"
"P34","Group2",3,"P","Perfect, I’ll outline the project timeline.","P_3.wav"
"P34","Group2",4,"SA","And what about the graphic design?","SA_4.wav"
"P34","Group2",5,"I","I will create the main visual concept.","I_5.wav"
"P34","Group2",6,"P","Great. I can suggest color palettes for the posters.","P_6.wav"
"P34","Group2",7,"SA","Who wants to take care of the texts?","SA_7.wav"
"P34","Group2",8,"I","I’ll write short educational blurbs.","I_8.wav"
"P34","Group2",9,"P","Very well, I’ll draft a few catchy headings.","P_9.wav"
"P34","Group2",10,"SA","We should set a first meeting to review everything.","SA_10.wav"
"P34","Group2",11,"I","Yes, I’ll book a conference room.","I_11.wav"
"P34","Group2",12,"P","I’ll prepare a list of necessary materials.","P_12.wav"
"P34","Group2",13,"SA","Alice can create initial sketches for the illustrations.","SA_13.wav"
"P34","Group2",14,"I","Great, thanks! I’ll make a mood board to inspire the team.","I_14.wav"
"P34","Group2",15,"P","Who wants to propose a slogan for the campaign?","P_15.wav"
"P34","Group2",16,"SA","I can brainstorm some ideas.","SA_16.wav"
"P34","Group2",17,"I","I’ll list potential taglines for social media.","I_17.wav"
"P34","Group2",18,"P","And what about flyers and distribution?","P_18.wav"
"P34","Group2",19,"SA","I can organize locations for poster placement.","SA_19.wav"
"P34","Group2",20,"I","I’ll design a template for the newsletter.","I_20.wav"
"P34","Group2",21,"P","Remember to document progress for the report.","P_21.wav"
"P34","Group2",22,"SA","Yes, I’ll keep track of all sources.","SA_22.wav"
"P34","Group2",23,"I","I’ll compile feedback from team members.","I_23.wav"
"P34","Group2",24,"P","We could do a trial run of our presentation.","P_24.wav"
"P34","Group2",25,"SA","Good idea, I can set up the projector and slides.","SA_25.wav"
"P34","Group2",26,"I","I’ll take photos of the draft materials for reference.","I_26.wav"
"P34","Group2",27,"P","And who will manage social media updates?","P_27.wav"
"P34","Group2",28,"SA","No problem, I can schedule posts.","SA_28.wav"
"P34","Group2",29,"I","Perfect, I’ll prepare a short summary for the stakeholders.","I_29.wav"
"P34","Group2",30,"P","Very well. We’ll meet on Thursday to review everything.","P_30.wav"
"P35","Group2",1,"I","Hello! We need to make progress on our recycling awareness project. Who starts with what?","I_1.wav"
"P35","Group2",2,"P","I can research local recycling statistics.","P_2.wav"
"P35","Group2",3,"SA","Perfect, I’ll outline the project timeline.","SA_3.wav"
"P35","Group2",4,"I","And what about the graphic design?","I_4.wav"
"P35","Group2",5,"P","I will create the main visual concept.","P_5.wav"
"P35","Group2",6,"SA","Great. I can suggest color palettes for the posters.","SA_6.wav"
"P35","Group2",7,"I","Who wants to take care of the texts?","I_7.wav"
"P35","Group2",8,"P","I’ll write short educational blurbs.","P_8.wav"
"P35","Group2",9,"SA","Very well, I’ll draft a few catchy headings.","SA_9.wav"
"P35","Group2",10,"I","We should set a first meeting to review everything.","I_10.wav"
"P35","Group2",11,"P","Yes, I’ll book a conference room.","P_11.wav"
"P35","Group2",12,"SA","I’ll prepare a list of necessary materials.","SA_12.wav"
"P35","Group2",13,"I","Alice can create initial sketches for the illustrations.","I_13.wav"
"P35","Group2",14,"P","Great, thanks! I’ll make a mood board to inspire the team.","P_14.wav"
"P35","Group2",15,"SA","Who wants to propose a slogan for the campaign?","SA_15.wav"
"P35","Group2",16,"I","I can brainstorm some ideas.","I_16.wav"
"P35","Group2",17,"P","I’ll list potential taglines for social media.","P_17.wav"
"P35","Group2",18,"SA","And what about flyers and distribution?","SA_18.wav"
"P35","Group2",19,"I","I can organize locations for poster placement.","I_19.wav"
"P35","Group2",20,"P","I’ll design a template for the newsletter.","P_20.wav"
"P35","Group2",21,"SA","Remember to document progress for the report.","SA_21.wav"
"P35","Group2",22,"I","Yes, I’ll keep track of all sources.","I_22.wav"
"P35","Group2",23,"P","I’ll compile feedback from team members.","P_23.wav"
"P35","Group2",24,"SA","We could do a trial run of our presentation.","SA_24.wav"
"P35","Group2",25,"I","Good idea, I can set up the projector and slides.","I_25.wav"
"P35","Group2",26,"P","I’ll take photos of the draft materials for reference.","P_26.wav"
"P35","Group2",27,"SA","And who will manage social media updates?","SA_27.wav"
"P35","Group2",28,"I","No problem, I can schedule posts.","I_28.wav"
"P35","Group2",29,"P","Perfect, I’ll prepare a short summary for the stakeholders.","P_29.wav"
"P35","Group2",30,"SA","Very well. We’ll meet on Thursday to review everything.","SA_30.wav"
"P36","Group2",1,"I","Hello! We need to make progress on our recycling awareness project. Who starts with what?","I_1.wav"
"P36","Group2",2,"P","I can research local recycling statistics.","P_2.wav"
"P36","Group2",3,"SA","Perfect, I’ll outline the project timeline.","SA_3.wav"
"P36","Group2",4,"I","And what about the graphic design?","I_4.wav"
"P36","Group2",5,"P","I will create the main visual concept.","P_5.wav"
"P36","Group2",6,"SA","Great. I can suggest color palettes for the posters.","SA_6.wav"
"P36","Group2",7,"I","Who wants to take care of the texts?","I_7.wav"
"P36","Group2",8,"P","I’ll write short educational blurbs.","P_8.wav"
"P36","Group2",9,"SA","Very well, I’ll draft a few catchy headings.","SA_9.wav"
"P36","Group2",10,"I","We should set a first meeting to review everything.","I_10.wav"
"P36","Group2",11,"P","Yes, I’ll book a conference room.","P_11.wav"
"P36","Group2",12,"SA","I’ll prepare a list of necessary materials.","SA_12.wav"
"P36","Group2",13,"I","Alice can create initial sketches for the illustrations.","I_13.wav"
"P36","Group2",14,"P","Great, thanks! I’ll make a mood board to inspire the team.","P_14.wav"
"P36","Group2",15,"SA","Who wants to propose a slogan for the campaign?","SA_15.wav"
"P36","Group2",16,"I","I can brainstorm some ideas.","I_16.wav"
"P36","Group2",17,"P","I’ll list potential taglines for social media.","P_17.wav"
"P36","Group2",18,"SA","And what about flyers and distribution?","SA_18.wav"
"P36","Group2",19,"I","I can organize locations for poster placement.","I_19.wav"
"P36","Group2",20,"P","I’ll design a template for the newsletter.","P_20.wav"
"P36","Group2",21,"SA","Remember to document progress for the report.","SA_21.wav"
"P36","Group2",22,"I","Yes, I’ll keep track of all sources.","I_22.wav"
"P36","Group2",23,"P","I’ll compile feedback from team members.","P_23.wav"
"P36","Group2",24,"SA","We could do a trial run of our presentation.","SA_24.wav"
"P36","Group2",25,"I","Good idea, I can set up the projector and slides.","I_25.wav"
"P36","Group2",26,"P","I’ll take photos of the draft materials for reference.","P_26.wav"
"P36","Group2",27,"SA","And who will manage social media updates?","SA_27.wav"
"P36","Group2",28,"I","No problem, I can schedule posts.","I_28.wav"
"P36","Group2",29,"P","Perfect, I’ll prepare a short summary for the stakeholders.","P_29.wav"
"P36","Group2",30,"SA","Very well. We’ll meet on Thursday to review everything.","SA_30.wav"
"P37","Group2",1,"I","Hello! We need to make progress on our recycling awareness project. Who starts with what?","I_1.wav"
"P37","Group2",2,"P","I can research local recycling statistics.","P_2.wav"
"P37","Group2",3,"SA","Perfect, I’ll outline the project timeline.","SA_3.wav"
"P37","Group2",4,"I","And what about the graphic design?","I_4.wav"
"P37","Group2",5,"P","I will create the main visual concept.","P_5.wav"
"P37","Group2",6,"SA","Great. I can suggest color palettes for the posters.","SA_6.wav"
"P37","Group2",7,"I","Who wants to take care of the texts?","I_7.wav"
"P37","Group2",8,"P","I’ll write short educational blurbs.","P_8.wav"
"P37","Group2",9,"SA","Very well, I’ll draft a few catchy headings.","SA_9.wav"
"P37","Group2",10,"I","We should set a first meeting to review everything.","I_10.wav"
"P37","Group2",11,"P","Yes, I’ll book a conference room.","P_11.wav"
"P37","Group2",12,"SA","I’ll prepare a list of necessary materials.","SA_12.wav"
"P37","Group2",13,"I","Alice can create initial sketches for the illustrations.","I_13.wav"
"P37","Group2",14,"P","Great, thanks! I’ll make a mood board to inspire the team.","P_14.wav"
"P37","Group2",15,"SA","Who wants to propose a slogan for the campaign?","SA_15.wav"
"P37","Group2",16,"I","I can brainstorm some ideas.","I_16.wav"
"P37","Group2",17,"P","I’ll list potential taglines for social media.","P_17.wav"
"P37","Group2",18,"SA","And what about flyers and distribution?","SA_18.wav"
"P37","Group2",19,"I","I can organize locations for poster placement.","I_19.wav"
"P37","Group2",20,"P","I’ll design a template for the newsletter.","P_20.wav"
"P37","Group2",21,"SA","Remember to document progress for the report.","SA_21.wav"
"P37","Group2",22,"I","Yes, I’ll keep track of all sources.","I_22.wav"
"P37","Group2",23,"P","I’ll compile feedback from team members.","P_23.wav"
"P37","Group2",24,"SA","We could do a trial run of our presentation.","SA_24.wav"
"P37","Group2",25,"I","Good idea, I can set up the projector and slides.","I_25.wav"
"P37","Group2",26,"P","I’ll take photos of the draft materials for reference.","P_26.wav"
"P37","Group2",27,"SA","And who will manage social media updates?","SA_27.wav"
"P37","Group2",28,"I","No problem, I can schedule posts.","I_28.wav"
"P37","Group2",29,"P","Perfect, I’ll prepare a short summary for the stakeholders.","P_29.wav"
"P37","Group2",30,"SA","Very well. We’ll meet on Thursday to review everything.","SA_30.wav"
"P38","Group2",1,"P","Hello! We need to make progress on our recycling awareness project. Who starts with what?","P_1.wav"
"P38","Group2",2,"SA","I can research local recycling statistics.","SA_2.wav"
"P38","Group2",3,"I","Perfect, I’ll outline the project timeline.","I_3.wav"
"P38","Group2",4,"P","And what about the graphic design?","P_4.wav"
"P38","Group2",5,"SA","I will create the main visual concept.","SA_5.wav"
"P38","Group2",6,"I","Great. I can suggest color palettes for the posters.","I_6.wav"
"P38","Group2",7,"P","Who wants to take care of the texts?","P_7.wav"
"P38","Group2",8,"SA","I’ll write short educational blurbs.","SA_8.wav"
"P38","Group2",9,"I","Very well, I’ll draft a few catchy headings.","I_9.wav"
"P38","Group2",10,"P","We should set a first meeting to review everything.","P_10.wav"
"P38","Group2",11,"SA","Yes, I’ll book a conference room.","SA_11.wav"
"P38","Group2",12,"I","I’ll prepare a list of necessary materials.","I_12.wav"
"P38","Group2",13,"P","Alice can create initial sketches for the illustrations.","P_13.wav"
"P38","Group2",14,"SA","Great, thanks! I’ll make a mood board to inspire the team.","SA_14.wav"
"P38","Group2",15,"I","Who wants to propose a slogan for the campaign?","I_15.wav"
"P38","Group2",16,"P","I can brainstorm some ideas.","P_16.wav"
"P38","Group2",17,"SA","I’ll list potential taglines for social media.","SA_17.wav"
"P38","Group2",18,"I","And what about flyers and distribution?","I_18.wav"
"P38","Group2",19,"P","I can organize locations for poster placement.","P_19.wav"
"P38","Group2",20,"SA","I’ll design a template for the newsletter.","SA_20.wav"
"P38","Group2",21,"I","Remember to document progress for the report.","I_21.wav"
"P38","Group2",22,"P","Yes, I’ll keep track of all sources.","P_22.wav"
"P38","Group2",23,"SA","I’ll compile feedback from team members.","SA_23.wav"
"P38","Group2",24,"I","We could do a trial run of our presentation.","I_24.wav"
"P38","Group2",25,"P","Good idea, I can set up the projector and slides.","P_25.wav"
"P38","Group2",26,"SA","I’ll take photos of the draft materials for reference.","SA_26.wav"
"P38","Group2",27,"I","And who will manage social media updates?","I_27.wav"
"P38","Group2",28,"P","No problem, I can schedule posts.","P_28.wav"
"P38","Group2",29,"SA","Perfect, I’ll prepare a short summary for the stakeholders.","SA_29.wav"
"P38","Group2",30,"I","Very well. We’ll meet on Thursday to review everything.","I_30.wav"
"P39","Group2",1,"I","Hello! We need to make progress on our recycling awareness project. Who starts with what?","I_1.wav"
"P39","Group2",2,"P","I can research local recycling statistics.","P_2.wav"
"P39","Group2",3,"SA","Perfect, I’ll outline the project timeline.","SA_3.wav"
"P39","Group2",4,"I","And what about the graphic design?","I_4.wav"
"P39","Group2",5,"P","I will create the main visual concept.","P_5.wav"
"P39","Group2",6,"SA","Great. I can suggest color palettes for the posters.","SA_6.wav"
"P39","Group2",7,"I","Who wants to take care of the texts?","I_7.wav"
"P39","Group2",8,"P","I’ll write short educational blurbs.","P_8.wav"
"P39","Group2",9,"SA","Very well, I’ll draft a few catchy headings.","SA_9.wav"
"P39","Group2",10,"I","We should set a first meeting to review everything.","I_10.wav"
"P39","Group2",11,"P","Yes, I’ll book a conference room.","P_11.wav"
"P39","Group2",12,"SA","I’ll prepare a list of necessary materials.","SA_12.wav"
"P39","Group2",13,"I","Alice can create initial sketches for the illustrations.","I_13.wav"
"P39","Group2",14,"P","Great, thanks! I’ll make a mood board to inspire the team.","P_14.wav"
"P39","Group2",15,"SA","Who wants to propose a slogan for the campaign?","SA_15.wav"
"P39","Group2",16,"I","I can brainstorm some ideas.","I_16.wav"
"P39","Group2",17,"P","I’ll list potential taglines for social media.","P_17.wav"
"P39","Group2",18,"SA","And what about flyers and distribution?","SA_18.wav"
"P39","Group2",19,"I","I can organize locations for poster placement.","I_19.wav"
"P39","Group2",20,"P","I’ll design a template for the newsletter.","P_20.wav"
"P39","Group2",21,"SA","Remember to document progress for the report.","SA_21.wav"
"P39","Group2",22,"I","Yes, I’ll keep track of all sources.","I_22.wav"
"P39","Group2",23,"P","I’ll compile feedback from team members.","P_23.wav"
"P39","Group2",24,"SA","We could do a trial run of our presentation.","SA_24.wav"
"P39","Group2",25,"I","Good idea, I can set up the projector and slides.","I_25.wav"
"P39","Group2",26,"P","I’ll take photos of the draft materials for reference.","P_26.wav"
"P39","Group2",27,"SA","And who will manage social media updates?","SA_27.wav"
"P39","Group2",28,"I","No problem, I can schedule posts.","I_28.wav"
"P39","Group2",29,"P","Perfect, I’ll prepare a short summary for the stakeholders.","P_29.wav"
"P39","Group2",30,"SA","Very well. We’ll meet on Thursday to review everything.","SA_30.wav"
"P40","Group2",1,"P","Hello! We need to make progress on our recycling awareness project. Who starts with what?","P_1.wav"
"P40","Group2",2,"SA","I can research local recycling statistics.","SA_2.wav"
"P40","Group2",3,"I","Perfect, I’ll outline the project timeline.","I_3.wav"
"P40","Group2",4,"P","And what about the graphic design?","P_4.wav"
"P40","Group2",5,"SA","I will create the main visual concept.","SA_5.wav"
"P40","Group2",6,"I","Great. I can suggest color palettes for the posters.","I_6.wav"
"P40","Group2",7,"P","Who wants to take care of the texts?","P_7.wav"
"P40","Group2",8,"SA","I’ll write short educational blurbs.","SA_8.wav"
"P40","Group2",9,"I","Very well, I’ll draft a few catchy headings.","I_9.wav"
"P40","Group2",10,"P","We should set a first meeting to review everything.","P_10.wav"
"P40","Group2",11,"SA","Yes, I’ll book a conference room.","SA_11.wav"
"P40","Group2",12,"I","I’ll prepare a list of necessary materials.","I_12.wav"
"P40","Group2",13,"P","Alice can create initial sketches for the illustrations.","P_13.wav"
"P40","Group2",14,"SA","Great, thanks! I’ll make a mood board to inspire the team.","SA_14.wav"
"P40","Group2",15,"I","Who wants to propose a slogan for the campaign?","I_15.wav"
"P40","Group2",16,"P","I can brainstorm some ideas.","P_16.wav"
"P40","Group2",17,"SA","I’ll list potential taglines for social media.","SA_17.wav"
"P40","Group2",18,"I","And what about flyers and distribution?","I_18.wav"
"P40","Group2",19,"P","I can organize locations for poster placement.","P_19.wav"
"P40","Group2",20,"SA","I’ll design a template for the newsletter.","SA_20.wav"
"P40","Group2",21,"I","Remember to document progress for the report.","I_21.wav"
"P40","Group2",22,"P","Yes, I’ll keep track of all sources.","P_22.wav"
"P40","Group2",23,"SA","I’ll compile feedback from team members.","SA_23.wav"
"P40","Group2",24,"I","We could do a trial run of our presentation.","I_24.wav"
"P40","Group2",25,"P","Good idea, I can set up the projector and slides.","P_25.wav"
"P40","Group2",26,"SA","I’ll take photos of the draft materials for reference.","SA_26.wav"
"P40","Group2",27,"I","And who will manage social media updates?","I_27.wav"
"P40","Group2",28,"P","No problem, I can schedule posts.","P_28.wav"
"P40","Group2",29,"SA","Perfect, I’ll prepare a short summary for the stakeholders.","SA_29.wav"
"P40","Group2",30,"I","Very well. We’ll meet on Thursday to review everything.","I_30.wav"
"P41","Group2",1,"P","Hello! We need to make progress on our recycling awareness project. Who starts with what?","P_1.wav"
"P41","Group2",2,"SA","I can research local recycling statistics.","SA_2.wav"
"P41","Group2",3,"I","Perfect, I’ll outline the project timeline.","I_3.wav"
"P41","Group2",4,"P","And what about the graphic design?","P_4.wav"
"P41","Group2",5,"SA","I will create the main visual concept.","SA_5.wav"
"P41","Group2",6,"I","Great. I can suggest color palettes for the posters.","I_6.wav"
"P41","Group2",7,"P","Who wants to take care of the texts?","P_7.wav"
"P41","Group2",8,"SA","I’ll write short educational blurbs.","SA_8.wav"
"P41","Group2",9,"I","Very well, I’ll draft a few catchy headings.","I_9.wav"
"P41","Group2",10,"P","We should set a first meeting to review everything.","P_10.wav"
"P41","Group2",11,"SA","Yes, I’ll book a conference room.","SA_11.wav"
"P41","Group2",12,"I","I’ll prepare a list of necessary materials.","I_12.wav"
"P41","Group2",13,"P","Alice can create initial sketches for the illustrations.","P_13.wav"
"P41","Group2",14,"SA","Great, thanks! I’ll make a mood board to inspire the team.","SA_14.wav"
"P41","Group2",15,"I","Who wants to propose a slogan for the campaign?","I_15.wav"
"P41","Group2",16,"P","I can brainstorm some ideas.","P_16.wav"
"P41","Group2",17,"SA","I’ll list potential taglines for social media.","SA_17.wav"
"P41","Group2",18,"I","And what about flyers and distribution?","I_18.wav"
"P41","Group2",19,"P","I can organize locations for poster placement.","P_19.wav"
"P41","Group2",20,"SA","I’ll design a template for the newsletter.","SA_20.wav"
"P41","Group2",21,"I","Remember to document progress for the report.","I_21.wav"
"P41","Group2",22,"P","Yes, I’ll keep track of all sources.","P_22.wav"
"P41","Group2",23,"SA","I’ll compile feedback from team members.","SA_23.wav"
"P41","Group2",24,"I","We could do a trial run of our presentation.","I_24.wav"
"P41","Group2",25,"P","Good idea, I can set up the projector and slides.","P_25.wav"
"P41","Group2",26,"SA","I’ll take photos of the draft materials for reference.","SA_26.wav"
"P41","Group2",27,"I","And who will manage social media updates?","I_27.wav"
"P41","Group2",28,"P","No problem, I can schedule posts.","P_28.wav"
"P41","Group2",29,"SA","Perfect, I’ll prepare a short summary for the stakeholders.","SA_29.wav"
"P41","Group2",30,"I","Very well. We’ll meet on Thursday to review everything.","I_30.wav"
"P42","Group2",1,"SA","Hello! We need to make progress on our recycling awareness project. Who starts with what?","SA_1.wav"
"P42","Group2",2,"I","I can research local recycling statistics.","I_2.wav"
"P42","Group2",3,"P","Perfect, I’ll outline the project timeline.","P_3.wav"
"P42","Group2",4,"SA","And what about the graphic design?","SA_4.wav"
"P42","Group2",5,"I","I will create the main visual concept.","I_5.wav"
"P42","Group2",6,"P","Great. I can suggest color palettes for the posters.","P_6.wav"
"P42","Group2",7,"SA","Who wants to take care of the texts?","SA_7.wav"
"P42","Group2",8,"I","I’ll write short educational blurbs.","I_8.wav"
"P42","Group2",9,"P","Very well, I’ll draft a few catchy headings.","P_9.wav"
"P42","Group2",10,"SA","We should set a first meeting to review everything.","SA_10.wav"
"P42","Group2",11,"I","Yes, I’ll book a conference room.","I_11.wav"
"P42","Group2",12,"P","I’ll prepare a list of necessary materials.","P_12.wav"
"P42","Group2",13,"SA","Alice can create initial sketches for the illustrations.","SA_13.wav"
"P42","Group2",14,"I","Great, thanks! I’ll make a mood board to inspire the team.","I_14.wav"
"P42","Group2",15,"P","Who wants to propose a slogan for the campaign?","P_15.wav"
"P42","Group2",16,"SA","I can brainstorm some ideas.","SA_16.wav"
"P42","Group2",17,"I","I’ll list potential taglines for social media.","I_17.wav"
"P42","Group2",18,"P","And what about flyers and distribution?","P_18.wav"
"P42","Group2",19,"SA","I can organize locations for poster placement.","SA_19.wav"
"P42","Group2",20,"I","I’ll design a template for the newsletter.","I_20.wav"
"P42","Group2",21,"P","Remember to document progress for the report.","P_21.wav"
"P42","Group2",22,"SA","Yes, I’ll keep track of all sources.","SA_22.wav"
"P42","Group2",23,"I","I’ll compile feedback from team members.","I_23.wav"
"P42","Group2",24,"P","We could do a trial run of our presentation.","P_24.wav"
"P42","Group2",25,"SA","Good idea, I can set up the projector and slides.","SA_25.wav"
"P42","Group2",26,"I","I’ll take photos of the draft materials for reference.","I_26.wav"
"P42","Group2",27,"P","And who will manage social media updates?","P_27.wav"
"P42","Group2",28,"SA","No problem, I can schedule posts.","SA_28.wav"
"P42","Group2",29,"I","Perfect, I’ll prepare a short summary for the stakeholders.","I_29.wav"
"P42","Group2",30,"P","Very well. We’ll meet on Thursday to review everything.","P_30.wav"
"P43","Group2",1,"P","Hello! We need to make progress on our recycling awareness project. Who starts with what?","P_1.wav"
"P43","Group2",2,"SA","I can research local recycling statistics.","SA_2.wav"
"P43","Group2",3,"I","Perfect, I’ll outline the project timeline.","I_3.wav"
"P43","Group2",4,"P","And what about the graphic design?","P_4.wav"
"P43","Group2",5,"SA","I will create the main visual concept.","SA_5.wav"
"P43","Group2",6,"I","Great. I can suggest color palettes for the posters.","I_6.wav"
"P43","Group2",7,"P","Who wants to take care of the texts?","P_7.wav"
"P43","Group2",8,"SA","I’ll write short educational blurbs.","SA_8.wav"
"P43","Group2",9,"I","Very well, I’ll draft a few catchy headings.","I_9.wav"
"P43","Group2",10,"P","We should set a first meeting to review everything.","P_10.wav"
"P43","Group2",11,"SA","Yes, I’ll book a conference room.","SA_11.wav"
"P43","Group2",12,"I","I’ll prepare a list of necessary materials.","I_12.wav"
"P43","Group2",13,"P","Alice can create initial sketches for the illustrations.","P_13.wav"
"P43","Group2",14,"SA","Great, thanks! I’ll make a mood board to inspire the team.","SA_14.wav"
"P43","Group2",15,"I","Who wants to propose a slogan for the campaign?","I_15.wav"
"P43","Group2",16,"P","I can brainstorm some ideas.","P_16.wav"
"P43","Group2",17,"SA","I’ll list potential taglines for social media.","SA_17.wav"
"P43","Group2",18,"I","And what about flyers and distribution?","I_18.wav"
"P43","Group2",19,"P","I can organize locations for poster placement.","P_19.wav"
"P43","Group2",20,"SA","I’ll design a template for the newsletter.","SA_20.wav"
"P43","Group2",21,"I","Remember to document progress for the report.","I_21.wav"
"P43","Group2",22,"P","Yes, I’ll keep track of all sources.","P_22.wav"
"P43","Group2",23,"SA","I’ll compile feedback from team members.","SA_23.wav"
"P43","Group2",24,"I","We could do a trial run of our presentation.","I_24.wav"
"P43","Group2",25,"P","Good idea, I can set up the projector and slides.","P_25.wav"
"P43","Group2",26,"SA","I’ll take photos of the draft materials for reference.","SA_26.wav"
"P43","Group2",27,"I","And who will manage social media updates?","I_27.wav"
"P43","Group2",28,"P","No problem, I can schedule posts.","P_28.wav"
"P43","Group2",29,"SA","Perfect, I’ll prepare a short summary for the stakeholders.","SA_29.wav"
"P43","Group2",30,"I","Very well. We’ll meet on Thursday to review everything.","I_30.wav"
"P44","Group2",1,"SA","Hello! We need to make progress on our recycling awareness project. Who starts with what?","SA_1.wav"
"P44","Group2",2,"I","I can research local recycling statistics.","I_2.wav"
"P44","Group2",3,"P","Perfect, I’ll outline the project timeline.","P_3.wav"
"P44","Group2",4,"SA","And what about the graphic design?","SA_4.wav"
"P44","Group2",5,"I","I will create the main visual concept.","I_5.wav"
"P44","Group2",6,"P","Great. I can suggest color palettes for the posters.","P_6.wav"
"P44","Group2",7,"SA","Who wants to take care of the texts?","SA_7.wav"
"P44","Group2",8,"I","I’ll write short educational blurbs.","I_8.wav"
"P44","Group2",9,"P","Very well, I’ll draft a few catchy headings.","P_9.wav"
"P44","Group2",10,"SA","We should set a first meeting to review everything.","SA_10.wav"
"P44","Group2",11,"I","Yes, I’ll book a conference room.","I_11.wav"
"P44","Group2",12,"P","I’ll prepare a list of necessary materials.","P_12.wav"
"P44","Group2",13,"SA","Alice can create initial sketches for the illustrations.","SA_13.wav"
"P44","Group2",14,"I","Great, thanks! I’ll make a mood board to inspire the team.","I_14.wav"
"P44","Group2",15,"P","Who wants to propose a slogan for the campaign?","P_15.wav"
"P44","Group2",16,"SA","I can brainstorm some ideas.","SA_16.wav"
"P44","Group2",17,"I","I’ll list potential taglines for social media.","I_17.wav"
"P44","Group2",18,"P","And what about flyers and distribution?","P_18.wav"
"P44","Group2",19,"SA","I can organize locations for poster placement.","SA_19.wav"
"P44","Group2",20,"I","I’ll design a template for the newsletter.","I_20.wav"
"P44","Group2",21,"P","Remember to document progress for the report.","P_21.wav"
"P44","Group2",22,"SA","Yes, I’ll keep track of all sources.","SA_22.wav"
"P44","Group2",23,"I","I’ll compile feedback from team members.","I_23.wav"
"P44","Group2",24,"P","We could do a trial run of our presentation.","P_24.wav"
"P44","Group2",25,"SA","Good idea, I can set up the projector and slides.","SA_25.wav"
"P44","Group2",26,"I","I’ll take photos of the draft materials for reference.","I_26.wav"
"P44","Group2",27,"P","And who will manage social media updates?","P_27.wav"
"P44","Group2",28,"SA","No problem, I can schedule posts.","SA_28.wav"
"P44","Group2",29,"I","Perfect, I’ll prepare a short summary for the stakeholders.","I_29.wav"
"P44","Group2",30,"P","Very well. We’ll meet on Thursday to review everything.","P_30.wav"
"P45","Group2",1,"SA","Hello! We need to make progress on our recycling awareness project. Who starts with what?","SA_1.wav"
"P45","Group2",2,"I","I can research local recycling statistics.","I_2.wav"
"P45","Group2",3,"P","Perfect, I’ll outline the project timeline.","P_3.wav"
"P45","Group2",4,"SA","And what about the graphic design?","SA_4.wav"
"P45","Group2",5,"I","I will create the main visual concept.","I_5.wav"
"P45","Group2",6,"P","Great. I can suggest color palettes for the posters.","P_6.wav"
"P45","Group2",7,"SA","Who wants to take care of the texts?","SA_7.wav"
"P45","Group2",8,"I","I’ll write short educational blurbs.","I_8.wav"
"P45","Group2",9,"P","Very well, I’ll draft a few catchy headings.","P_9.wav"
"P45","Group2",10,"SA","We should set a first meeting to review everything.","SA_10.wav"
"P45","Group2",11,"I","Yes, I’ll book a conference room.","I_11.wav"
"P45","Group2",12,"P","I’ll prepare a list of necessary materials.","P_12.wav"
"P45","Group2",13,"SA","Alice can create initial sketches for the illustrations.","SA_13.wav"
"P45","Group2",14,"I","Great, thanks! I’ll make a mood board to inspire the team.","I_14.wav"
"P45","Group2",15,"P","Who wants to propose a slogan for the campaign?","P_15.wav"
"P45","Group2",16,"SA","I can brainstorm some ideas.","SA_16.wav"
"P45","Group2",17,"I","I’ll list potential taglines for social media.","I_17.wav"
"P45","Group2",18,"P","And what about flyers and distribution?","P_18.wav"
"P45","Group2",19,"SA","I can organize locations for poster placement.","SA_19.wav"
"P45","Group2",20,"I","I’ll design a template for the newsletter.","I_20.wav"
"P45","Group2",21,"P","Remember to document progress for the report.","P_21.wav"
"P45","Group2",22,"SA","Yes, I’ll keep track of all sources.","SA_22.wav"
"P45","Group2",23,"I","I’ll compile feedback from team members.","I_23.wav"
"P45","Group2",24,"P","We could do a trial run of our presentation.","P_24.wav"
"P45","Group2",25,"SA","Good idea, I can set up the projector and slides.","SA_25.wav"
"P45","Group2",26,"I","I’ll take photos of the draft materials for reference.","I_26.wav"
"P45","Group2",27,"P","And who will manage social media updates?","P_27.wav"
"P45","Group2",28,"SA","No problem, I can schedule posts.","SA_28.wav"
"P45","Group2",29,"I","Perfect, I’ll prepare a short summary for the stakeholders.","I_29.wav"
"P45","Group2",30,"P","Very well. We’ll meet on Thursday to review everything.","P_30.wav"
"P46","Group2",1,"P","Hello! We need to make progress on our recycling awareness project. Who starts with what?","P_1.wav"
"P46","Group2",2,"SA","I can research local recycling statistics.","SA_2.wav"
"P46","Group2",3,"I","Perfect, I’ll outline the project timeline.","I_3.wav"
"P46","Group2",4,"P","And what about the graphic design?","P_4.wav"
"P46","Group2",5,"SA","I will create the main visual concept.","SA_5.wav"
"P46","Group2",6,"I","Great. I can suggest color palettes for the posters.","I_6.wav"
"P46","Group2",7,"P","Who wants to take care of the texts?","P_7.wav"
"P46","Group2",8,"SA","I’ll write short educational blurbs.","SA_8.wav"
"P46","Group2",9,"I","Very well, I’ll draft a few catchy headings.","I_9.wav"
"P46","Group2",10,"P","We should set a first meeting to review everything.","P_10.wav"
"P46","Group2",11,"SA","Yes, I’ll book a conference room.","SA_11.wav"
"P46","Group2",12,"I","I’ll prepare a list of necessary materials.","I_12.wav"
"P46","Group2",13,"P","Alice can create initial sketches for the illustrations.","P_13.wav"
"P46","Group2",14,"SA","Great, thanks! I’ll make a mood board to inspire the team.","SA_14.wav"
"P46","Group2",15,"I","Who wants to propose a slogan for the campaign?","I_15.wav"
"P46","Group2",16,"P","I can brainstorm some ideas.","P_16.wav"
"P46","Group2",17,"SA","I’ll list potential taglines for social media.","SA_17.wav"
"P46","Group2",18,"I","And what about flyers and distribution?","I_18.wav"
"P46","Group2",19,"P","I can organize locations for poster placement.","P_19.wav"
"P46","Group2",20,"SA","I’ll design a template for the newsletter.","SA_20.wav"
"P46","Group2",21,"I","Remember to document progress for the report.","I_21.wav"
"P46","Group2",22,"P","Yes, I’ll keep track of all sources.","P_22.wav"
"P46","Group2",23,"SA","I’ll compile feedback from team members.","SA_23.wav"
"P46","Group2",24,"I","We could do a trial run of our presentation.","I_24.wav"
"P46","Group2",25,"P","Good idea, I can set up the projector and slides.","P_25.wav"
"P46","Group2",26,"SA","I’ll take photos of the draft materials for reference.","SA_26.wav"
"P46","Group2",27,"I","And who will manage social media updates?","I_27.wav"
"P46","Group2",28,"P","No problem, I can schedule posts.","P_28.wav"
"P46","Group2",29,"SA","Perfect, I’ll prepare a short summary for the stakeholders.","SA_29.wav"
"P46","Group2",30,"I","Very well. We’ll meet on Thursday to review everything.","I_30.wav"
"P47","Group2",1,"SA","Hello! We need to make progress on our recycling awareness project. Who starts with what?","SA_1.wav"
"P47","Group2",2,"I","I can research local recycling statistics.","I_2.wav"
"P47","Group2",3,"P","Perfect, I’ll outline the project timeline.","P_3.wav"
"P47","Group2",4,"SA","And what about the graphic design?","SA_4.wav"
"P47","Group2",5,"I","I will create the main visual concept.","I_5.wav"
"P47","Group2",6,"P","Great. I can suggest color palettes for the posters.","P_6.wav"
"P47","Group2",7,"SA","Who wants to take care of the texts?","SA_7.wav"
"P47","Group2",8,"I","I’ll write short educational blurbs.","I_8.wav"
"P47","Group2",9,"P","Very well, I’ll draft a few catchy headings.","P_9.wav"
"P47","Group2",10,"SA","We should set a first meeting to review everything.","SA_10.wav"
"P47","Group2",11,"I","Yes, I’ll book a conference room.","I_11.wav"
"P47","Group2",12,"P","I’ll prepare a list of necessary materials.","P_12.wav"
"P47","Group2",13,"SA","Alice can create initial sketches for the illustrations.","SA_13.wav"
"P47","Group2",14,"I","Great, thanks! I’ll make a mood board to inspire the team.","I_14.wav"
"P47","Group2",15,"P","Who wants to propose a slogan for the campaign?","P_15.wav"
"P47","Group2",16,"SA","I can brainstorm some ideas.","SA_16.wav"
"P47","Group2",17,"I","I’ll list potential taglines for social media.","I_17.wav"
"P47","Group2",18,"P","And what about flyers and distribution?","P_18.wav"
"P47","Group2",19,"SA","I can organize locations for poster placement.","SA_19.wav"
"P47","Group2",20,"I","I’ll design a template for the newsletter.","I_20.wav"
"P47","Group2",21,"P","Remember to document progress for the report.","P_21.wav"
"P47","Group2",22,"SA","Yes, I’ll keep track of all sources.","SA_22.wav"
"P47","Group2",23,"I","I’ll compile feedback from team members.","I_23.wav"
"P47","Group2",24,"P","We could do a trial run of our presentation.","P_24.wav"
"P47","Group2",25,"SA","Good idea, I can set up the projector and slides.","SA_25.wav"
"P47","Group2",26,"I","I’ll take photos of the draft materials for reference.","I_26.wav"
"P47","Group2",27,"P","And who will manage social media updates?","P_27.wav"
"P47","Group2",28,"SA","No problem, I can schedule posts.","SA_28.wav"
"P47","Group2",29,"I","Perfect, I’ll prepare a short summary for the stakeholders.","I_29.wav"
"P47","Group2",30,"P","Very well. We’ll meet on Thursday to review everything.","P_30.wav"
"P48","Group2",1,"I","Hello! We need to make progress on our recycling awareness project. Who starts with what?","I_1.wav"
"P48","Group2",2,"P","I can research local recycling statistics.","P_2.wav"
"P48","Group2",3,"SA","Perfect, I’ll outline the project timeline.","SA_3.wav"
"P48","Group2",4,"I","And what about the graphic design?","I_4.wav"
"P48","Group2",5,"P","I will create the main visual concept.","P_5.wav"
"P48","Group2",6,"SA","Great. I can suggest color palettes for the posters.","SA_6.wav"
"P48","Group2",7,"I","Who wants to take care of the texts?","I_7.wav"
"P48","Group2",8,"P","I’ll write short educational blurbs.","P_8.wav"
"P48","Group2",9,"SA","Very well, I’ll draft a few catchy headings.","SA_9.wav"
"P48","Group2",10,"I","We should set a first meeting to review everything.","I_10.wav"
"P48","Group2",11,"P","Yes, I’ll book a conference room.","P_11.wav"
"P48","Group2",12,"SA","I’ll prepare a list of necessary materials.","SA_12.wav"
"P48","Group2",13,"I","Alice can create initial sketches for the illustrations.","I_13.wav"
"P48","Group2",14,"P","Great, thanks! I’ll make a mood board to inspire the team.","P_14.wav"
"P48","Group2",15,"SA","Who wants to propose a slogan for the campaign?","SA_15.wav"
"P48","Group2",16,"I","I can brainstorm some ideas.","I_16.wav"
"P48","Group2",17,"P","I’ll list potential taglines for social media.","P_17.wav"
"P48","Group2",18,"SA","And what about flyers and distribution?","SA_18.wav"
"P48","Group2",19,"I","I can organize locations for poster placement.","I_19.wav"
"P48","Group2",20,"P","I’ll design a template for the newsletter.","P_20.wav"
"P48","Group2",21,"SA","Remember to document progress for the report.","SA_21.wav"
"P48","Group2",22,"I","Yes, I’ll keep track of all sources.","I_22.wav"
"P48","Group2",23,"P","I’ll compile feedback from team members.","P_23.wav"
"P48","Group2",24,"SA","We could do a trial run of our presentation.","SA_24.wav"
"P48","Group2",25,"I","Good idea, I can set up the projector and slides.","I_25.wav"
"P48","Group2",26,"P","I’ll take photos of the draft materials for reference.","P_26.wav"
"P48","Group2",27,"SA","And who will manage social media updates?","SA_27.wav"
"P48","Group2",28,"I","No problem, I can schedule posts.","I_28.wav"
"P48","Group2",29,"P","Perfect, I’ll prepare a short summary for the stakeholders.","P_29.wav"
"P48","Group2",30,"SA","Very well. We’ll meet on Thursday to review everything.","SA_30.wav"
"P49","Group2",1,"SA","Hello! We need to make progress on our recycling awareness project. Who starts with what?","SA_1.wav"
"P49","Group2",2,"I","I can research local recycling statistics.","I_2.wav"
"P49","Group2",3,"P","Perfect, I’ll outline the project timeline.","P_3.wav"
"P49","Group2",4,"SA","And what about the graphic design?","SA_4.wav"
"P49","Group2",5,"I","I will create the main visual concept.","I_5.wav"
"P49","Group2",6,"P","Great. I can suggest color palettes for the posters.","P_6.wav"
"P49","Group2",7,"SA","Who wants to take care of the texts?","SA_7.wav"
"P49","Group2",8,"I","I’ll write short educational blurbs.","I_8.wav"
"P49","Group2",9,"P","Very well, I’ll draft a few catchy headings.","P_9.wav"
"P49","Group2",10,"SA","We should set a first meeting to review everything.","SA_10.wav"
"P49","Group2",11,"I","Yes, I’ll book a conference room.","I_11.wav"
"P49","Group2",12,"P","I’ll prepare a list of necessary materials.","P_12.wav"
"P49","Group2",13,"SA","Alice can create initial sketches for the illustrations.","SA_13.wav"
"P49","Group2",14,"I","Great, thanks! I’ll make a mood board to inspire the team.","I_14.wav"
"P49","Group2",15,"P","Who wants to propose a slogan for the campaign?","P_15.wav"
"P49","Group2",16,"SA","I can brainstorm some ideas.","SA_16.wav"
"P49","Group2",17,"I","I’ll list potential taglines for social media.","I_17.wav"
"P49","Group2",18,"P","And what about flyers and distribution?","P_18.wav"
"P49","Group2",19,"SA","I can organize locations for poster placement.","SA_19.wav"
"P49","Group2",20,"I","I’ll design a template for the newsletter.","I_20.wav"
"P49","Group2",21,"P","Remember to document progress for the report.","P_21.wav"
"P49","Group2",22,"SA","Yes, I’ll keep track of all sources.","SA_22.wav"
"P49","Group2",23,"I","I’ll compile feedback from team members.","I_23.wav"
"P49","Group2",24,"P","We could do a trial run of our presentation.","P_24.wav"
"P49","Group2",25,"SA","Good idea, I can set up the projector and slides.","SA_25.wav"
"P49","Group2",26,"I","I’ll take photos of the draft materials for reference.","I_26.wav"
"P49","Group2",27,"P","And who will manage social media updates?","P_27.wav"
"P49","Group2",28,"SA","No problem, I can schedule posts.","SA_28.wav"
"P49","Group2",29,"I","Perfect, I’ll prepare a short summary for the stakeholders.","I_29.wav"
"P49","Group2",30,"P","Very well. We’ll meet on Thursday to review everything.","P_30.wav"
"P50","Group2",1,"I","Hello! We need to make progress on our recycling awareness project. Who starts with what?","I_1.wav"
"P50","Group2",2,"P","I can research local recycling statistics.","P_2.wav"
"P50","Group2",3,"SA","Perfect, I’ll outline the project timeline.","SA_3.wav"
"P50","Group2",4,"I","And what about the graphic design?","I_4.wav"
"P50","Group2",5,"P","I will create the main visual concept.","P_5.wav"
"P50","Group2",6,"SA","Great. I can suggest color palettes for the posters.","SA_6.wav"
"P50","Group2",7,"I","Who wants to take care of the texts?","I_7.wav"
"P50","Group2",8,"P","I’ll write short educational blurbs.","P_8.wav"
"P50","Group2",9,"SA","Very well, I’ll draft a few catchy headings.","SA_9.wav"
"P50","Group2",10,"I","We should set a first meeting to review everything.","I_10.wav"
"P50","Group2",11,"P","Yes, I’ll book a conference room.","P_11.wav"
"P50","Group2",12,"SA","I’ll prepare a list of necessary materials.","SA_12.wav"
"P50","Group2",13,"I","Alice can create initial sketches for the illustrations.","I_13.wav"
"P50","Group2",14,"P","Great, thanks! I’ll make a mood board to inspire the team.","P_14.wav"
"P50","Group2",15,"SA","Who wants to propose a slogan for the campaign?","SA_15.wav"
"P50","Group2",16,"I","I can brainstorm some ideas.","I_16.wav"
"P50","Group2",17,"P","I’ll list potential taglines for social media.","P_17.wav"
"P50","Group2",18,"SA","And what about flyers and distribution?","SA_18.wav"
"P50","Group2",19,"I","I can organize locations for poster placement.","I_19.wav"
"P50","Group2",20,"P","I’ll design a template for the newsletter.","P_20.wav"
"P50","Group2",21,"SA","Remember to document progress for the report.","SA_21.wav"
"P50","Group2",22,"I","Yes, I’ll keep track of all sources.","I_22.wav"
"P50","Group2",23,"P","I’ll compile feedback from team members.","P_23.wav"
"P50","Group2",24,"SA","We could do a trial run of our presentation.","SA_24.wav"
"P50","Group2",25,"I","Good idea, I can set up the projector and slides.","I_25.wav"
"P50","Group2",26,"P","I’ll take photos of the draft materials for reference.","P_26.wav"
"P50","Group2",27,"SA","And who will manage social media updates?","SA_27.wav"
"P50","Group2",28,"I","No problem, I can schedule posts.","I_28.wav"
"P50","Group2",29,"P","Perfect, I’ll prepare a short summary for the stakeholders.","P_29.wav"
"P50","Group2",30,"SA","Very well. We’ll meet on Thursday to review everything.","SA_30.wav"
"P51","Group2",1,"SA","Hello! We need to make progress on our recycling awareness project. Who starts with what?","SA_1.wav"
"P51","Group2",2,"I","I can research local recycling statistics.","I_2.wav"
"P51","Group2",3,"P","Perfect, I’ll outline the project timeline.","P_3.wav"
"P51","Group2",4,"SA","And what about the graphic design?","SA_4.wav"
"P51","Group2",5,"I","I will create the main visual concept.","I_5.wav"
"P51","Group2",6,"P","Great. I can suggest color palettes for the posters.","P_6.wav"
"P51","Group2",7,"SA","Who wants to take care of the texts?","SA_7.wav"
"P51","Group2",8,"I","I’ll write short educational blurbs.","I_8.wav"
"P51","Group2",9,"P","Very well, I’ll draft a few catchy headings.","P_9.wav"
"P51","Group2",10,"SA","We should set a first meeting to review everything.","SA_10.wav"
"P51","Group2",11,"I","Yes, I’ll book a conference room.","I_11.wav"
"P51","Group2",12,"P","I’ll prepare a list of necessary materials.","P_12.wav"
"P51","Group2",13,"SA","Alice can create initial sketches for the illustrations.","SA_13.wav"
"P51","Group2",14,"I","Great, thanks! I’ll make a mood board to inspire the team.","I_14.wav"
"P51","Group2",15,"P","Who wants to propose a slogan for the campaign?","P_15.wav"
"P51","Group2",16,"SA","I can brainstorm some ideas.","SA_16.wav"
"P51","Group2",17,"I","I’ll list potential taglines for social media.","I_17.wav"
"P51","Group2",18,"P","And what about flyers and distribution?","P_18.wav"
"P51","Group2",19,"SA","I can organize locations for poster placement.","SA_19.wav"
"P51","Group2",20,"I","I’ll design a template for the newsletter.","I_20.wav"
"P51","Group2",21,"P","Remember to document progress for the report.","P_21.wav"
"P51","Group2",22,"SA","Yes, I’ll keep track of all sources.","SA_22.wav"
"P51","Group2",23,"I","I’ll compile feedback from team members.","I_23.wav"
"P51","Group2",24,"P","We could do a trial run of our presentation.","P_24.wav"
"P51","Group2",25,"SA","Good idea, I can set up the projector and slides.","SA_25.wav"
"P51","Group2",26,"I","I’ll take photos of the draft materials for reference.","I_26.wav"
"P51","Group2",27,"P","And who will manage social media updates?","P_27.wav"
"P51","Group2",28,"SA","No problem, I can schedule posts.","SA_28.wav"
"P51","Group2",29,"I","Perfect, I’ll prepare a short summary for the stakeholders.","I_29.wav"
"P51","Group2",30,"P","Very well. We’ll meet on Thursday to review everything.","P_30.wav"
"P52","Group2",1,"I","Hello! We need to make progress on our recycling awareness project. Who starts with what?","I_1.wav"
"P52","Group2",2,"P","I can research local recycling statistics.","P_2.wav"
"P52","Group2",3,"SA","Perfect, I’ll outline the project timeline.","SA_3.wav"
"P52","Group2",4,"I","And what about the graphic design?","I_4.wav"
"P52","Group2",5,"P","I will create the main visual concept.","P_5.wav"
"P52","Group2",6,"SA","Great. I can suggest color palettes for the posters.","SA_6.wav"
"P52","Group2",7,"I","Who wants to take care of the texts?","I_7.wav"
"P52","Group2",8,"P","I’ll write short educational blurbs.","P_8.wav"
"P52","Group2",9,"SA","Very well, I’ll draft a few catchy headings.","SA_9.wav"
"P52","Group2",10,"I","We should set a first meeting to review everything.","I_10.wav"
"P52","Group2",11,"P","Yes, I’ll book a conference room.","P_11.wav"
"P52","Group2",12,"SA","I’ll prepare a list of necessary materials.","SA_12.wav"
"P52","Group2",13,"I","Alice can create initial sketches for the illustrations.","I_13.wav"
"P52","Group2",14,"P","Great, thanks! I’ll make a mood board to inspire the team.","P_14.wav"
"P52","Group2",15,"SA","Who wants to propose a slogan for the campaign?","SA_15.wav"
"P52","Group2",16,"I","I can brainstorm some ideas.","I_16.wav"
"P52","Group2",17,"P","I’ll list potential taglines for social media.","P_17.wav"
"P52","Group2",18,"SA","And what about flyers and distribution?","SA_18.wav"
"P52","Group2",19,"I","I can organize locations for poster placement.","I_19.wav"
"P52","Group2",20,"P","I’ll design a template for the newsletter.","P_20.wav"
"P52","Group2",21,"SA","Remember to document progress for the report.","SA_21.wav"
"P52","Group2",22,"I","Yes, I’ll keep track of all sources.","I_22.wav"
"P52","Group2",23,"P","I’ll compile feedback from team members.","P_23.wav"
"P52","Group2",24,"SA","We could do a trial run of our presentation.","SA_24.wav"
"P52","Group2",25,"I","Good idea, I can set up the projector and slides.","I_25.wav"
"P52","Group2",26,"P","I’ll take photos of the draft materials for reference.","P_26.wav"
"P52","Group2",27,"SA","And who will manage social media updates?","SA_27.wav"
"P52","Group2",28,"I","No problem, I can schedule posts.","I_28.wav"
"P52","Group2",29,"P","Perfect, I’ll prepare a short summary for the stakeholders.","P_29.wav"
"P52","Group2",30,"SA","Very well. We’ll meet on Thursday to review everything.","SA_30.wav"
"P53","Group2",1,"SA","Hello! We need to make progress on our recycling awareness project. Who starts with what?","SA_1.wav"
"P53","Group2",2,"I","I can research local recycling statistics.","I_2.wav"
"P53","Group2",3,"P","Perfect, I’ll outline the project timeline.","P_3.wav"
"P53","Group2",4,"SA","And what about the graphic design?","SA_4.wav"
"P53","Group2",5,"I","I will create the main visual concept.","I_5.wav"
"P53","Group2",6,"P","Great. I can suggest color palettes for the posters.","P_6.wav"
"P53","Group2",7,"SA","Who wants to take care of the texts?","SA_7.wav"
"P53","Group2",8,"I","I’ll write short educational blurbs.","I_8.wav"
"P53","Group2",9,"P","Very well, I’ll draft a few catchy headings.","P_9.wav"
"P53","Group2",10,"SA","We should set a first meeting to review everything.","SA_10.wav"
"P53","Group2",11,"I","Yes, I’ll book a conference room.","I_11.wav"
"P53","Group2",12,"P","I’ll prepare a list of necessary materials.","P_12.wav"
"P53","Group2",13,"SA","Alice can create initial sketches for the illustrations.","SA_13.wav"
"P53","Group2",14,"I","Great, thanks! I’ll make a mood board to inspire the team.","I_14.wav"
"P53","Group2",15,"P","Who wants to propose a slogan for the campaign?","P_15.wav"
"P53","Group2",16,"SA","I can brainstorm some ideas.","SA_16.wav"
"P53","Group2",17,"I","I’ll list potential taglines for social media.","I_17.wav"
"P53","Group2",18,"P","And what about flyers and distribution?","P_18.wav"
"P53","Group2",19,"SA","I can organize locations for poster placement.","SA_19.wav"
"P53","Group2",20,"I","I’ll design a template for the newsletter.","I_20.wav"
"P53","Group2",21,"P","Remember to document progress for the report.","P_21.wav"
"P53","Group2",22,"SA","Yes, I’ll keep track of all sources.","SA_22.wav"
"P53","Group2",23,"I","I’ll compile feedback from team members.","I_23.wav"
"P53","Group2",24,"P","We could do a trial run of our presentation.","P_24.wav"
"P53","Group2",25,"SA","Good idea, I can set up the projector and slides.","SA_25.wav"
"P53","Group2",26,"I","I’ll take photos of the draft materials for reference.","I_26.wav"
"P53","Group2",27,"P","And who will manage social media updates?","P_27.wav"
"P53","Group2",28,"SA","No problem, I can schedule posts.","SA_28.wav"
"P53","Group2",29,"I","Perfect, I’ll prepare a short summary for the stakeholders.","I_29.wav"
"P53","Group2",30,"P","Very well. We’ll meet on Thursday to review everything.","P_30.wav"
"P54","Group2",1,"I","Hello! We need to make progress on our recycling awareness project. Who starts with what?","I_1.wav"
"P54","Group2",2,"P","I can research local recycling statistics.","P_2.wav"
"P54","Group2",3,"SA","Perfect, I’ll outline the project timeline.","SA_3.wav"
"P54","Group2",4,"I","And what about the graphic design?","I_4.wav"
"P54","Group2",5,"P","I will create the main visual concept.","P_5.wav"
"P54","Group2",6,"SA","Great. I can suggest color palettes for the posters.","SA_6.wav"
"P54","Group2",7,"I","Who wants to take care of the texts?","I_7.wav"
"P54","Group2",8,"P","I’ll write short educational blurbs.","P_8.wav"
"P54","Group2",9,"SA","Very well, I’ll draft a few catchy headings.","SA_9.wav"
"P54","Group2",10,"I","We should set a first meeting to review everything.","I_10.wav"
"P54","Group2",11,"P","Yes, I’ll book a conference room.","P_11.wav"
"P54","Group2",12,"SA","I’ll prepare a list of necessary materials.","SA_12.wav"
"P54","Group2",13,"I","Alice can create initial sketches for the illustrations.","I_13.wav"
"P54","Group2",14,"P","Great, thanks! I’ll make a mood board to inspire the team.","P_14.wav"
"P54","Group2",15,"SA","Who wants to propose a slogan for the campaign?","SA_15.wav"
"P54","Group2",16,"I","I can brainstorm some ideas.","I_16.wav"
"P54","Group2",17,"P","I’ll list potential taglines for social media.","P_17.wav"
"P54","Group2",18,"SA","And what about flyers and distribution?","SA_18.wav"
"P54","Group2",19,"I","I can organize locations for poster placement.","I_19.wav"
"P54","Group2",20,"P","I’ll design a template for the newsletter.","P_20.wav"
"P54","Group2",21,"SA","Remember to document progress for the report.","SA_21.wav"
"P54","Group2",22,"I","Yes, I’ll keep track of all sources.","I_22.wav"
"P54","Group2",23,"P","I’ll compile feedback from team members.","P_23.wav"
"P54","Group2",24,"SA","We could do a trial run of our presentation.","SA_24.wav"
"P54","Group2",25,"I","Good idea, I can set up the projector and slides.","I_25.wav"
"P54","Group2",26,"P","I’ll take photos of the draft materials for reference.","P_26.wav"
"P54","Group2",27,"SA","And who will manage social media updates?","SA_27.wav"
"P54","Group2",28,"I","No problem, I can schedule posts.","I_28.wav"
"P54","Group2",29,"P","Perfect, I’ll prepare a short summary for the stakeholders.","P_29.wav"
"P54","Group2",30,"SA","Very well. We’ll meet on Thursday to review everything.","SA_30.wav"
"P55","Group2",1,"SA","Hello! We need to make progress on our recycling awareness project. Who starts with what?","SA_1.wav"
"P55","Group2",2,"I","I can research local recycling statistics.","I_2.wav"
"P55","Group2",3,"P","Perfect, I’ll outline the project timeline.","P_3.wav"
"P55","Group2",4,"SA","And what about the graphic design?","SA_4.wav"
"P55","Group2",5,"I","I will create the main visual concept.","I_5.wav"
"P55","Group2",6,"P","Great. I can suggest color palettes for the posters.","P_6.wav"
"P55","Group2",7,"SA","Who wants to take care of the texts?","SA_7.wav"
"P55","Group2",8,"I","I’ll write short educational blurbs.","I_8.wav"
"P55","Group2",9,"P","Very well, I’ll draft a few catchy headings.","P_9.wav"
"P55","Group2",10,"SA","We should set a first meeting to review everything.","SA_10.wav"
"P55","Group2",11,"I","Yes, I’ll book a conference room.","I_11.wav"
"P55","Group2",12,"P","I’ll prepare a list of necessary materials.","P_12.wav"
"P55","Group2",13,"SA","Alice can create initial sketches for the illustrations.","SA_13.wav"
"P55","Group2",14,"I","Great, thanks! I’ll make a mood board to inspire the team.","I_14.wav"
"P55","Group2",15,"P","Who wants to propose a slogan for the campaign?","P_15.wav"
"P55","Group2",16,"SA","I can brainstorm some ideas.","SA_16.wav"
"P55","Group2",17,"I","I’ll list potential taglines for social media.","I_17.wav"
"P55","Group2",18,"P","And what about flyers and distribution?","P_18.wav"
"P55","Group2",19,"SA","I can organize locations for poster placement.","SA_19.wav"
"P55","Group2",20,"I","I’ll design a template for the newsletter.","I_20.wav"
"P55","Group2",21,"P","Remember to document progress for the report.","P_21.wav"
"P55","Group2",22,"SA","Yes, I’ll keep track of all sources.","SA_22.wav"
"P55","Group2",23,"I","I’ll compile feedback from team members.","I_23.wav"
"P55","Group2",24,"P","We could do a trial run of our presentation.","P_24.wav"
"P55","Group2",25,"SA","Good idea, I can set up the projector and slides.","SA_25.wav"
"P55","Group2",26,"I","I’ll take photos of the draft materials for reference.","I_26.wav"
"P55","Group2",27,"P","And who will manage social media updates?","P_27.wav"
"P55","Group2",28,"SA","No problem, I can schedule posts.","SA_28.wav"
"P55","Group2",29,"I","Perfect, I’ll prepare a short summary for the stakeholders.","I_29.wav"
"P55","Group2",30,"P","Very well. We’ll meet on Thursday to review everything.","P_30.wav"
"P56","Group2",1,"P","Hello! We need to make progress on our recycling awareness project. Who starts with what?","P_1.wav"
"P56","Group2",2,"SA","I can research local recycling statistics.","SA_2.wav"
"P56","Group2",3,"I","Perfect, I’ll outline the project timeline.","I_3.wav"
"P56","Group2",4,"P","And what about the graphic design?","P_4.wav"
"P56","Group2",5,"SA","I will create the main visual concept.","SA_5.wav"
"P56","Group2",6,"I","Great. I can suggest color palettes for the posters.","I_6.wav"
"P56","Group2",7,"P","Who wants to take care of the texts?","P_7.wav"
"P56","Group2",8,"SA","I’ll write short educational blurbs.","SA_8.wav"
"P56","Group2",9,"I","Very well, I’ll draft a few catchy headings.","I_9.wav"
"P56","Group2",10,"P","We should set a first meeting to review everything.","P_10.wav"
"P56","Group2",11,"SA","Yes, I’ll book a conference room.","SA_11.wav"
"P56","Group2",12,"I","I’ll prepare a list of necessary materials.","I_12.wav"
"P56","Group2",13,"P","Alice can create initial sketches for the illustrations.","P_13.wav"
"P56","Group2",14,"SA","Great, thanks! I’ll make a mood board to inspire the team.","SA_14.wav"
"P56","Group2",15,"I","Who wants to propose a slogan for the campaign?","I_15.wav"
"P56","Group2",16,"P","I can brainstorm some ideas.","P_16.wav"
"P56","Group2",17,"SA","I’ll list potential taglines for social media.","SA_17.wav"
"P56","Group2",18,"I","And what about flyers and distribution?","I_18.wav"
"P56","Group2",19,"P","I can organize locations for poster placement.","P_19.wav"
"P56","Group2",20,"SA","I’ll design a template for the newsletter.","SA_20.wav"
"P56","Group2",21,"I","Remember to document progress for the report.","I_21.wav"
"P56","Group2",22,"P","Yes, I’ll keep track of all sources.","P_22.wav"
"P56","Group2",23,"SA","I’ll compile feedback from team members.","SA_23.wav"
"P56","Group2",24,"I","We could do a trial run of our presentation.","I_24.wav"
"P56","Group2",25,"P","Good idea, I can set up the projector and slides.","P_25.wav"
"P56","Group2",26,"SA","I’ll take photos of the draft materials for reference.","SA_26.wav"
"P56","Group2",27,"I","And who will manage social media updates?","I_27.wav"
"P56","Group2",28,"P","No problem, I can schedule posts.","P_28.wav"
"P56","Group2",29,"SA","Perfect, I’ll prepare a short summary for the stakeholders.","SA_29.wav"
"P56","Group2",30,"I","Very well. We’ll meet on Thursday to review everything.","I_30.wav"
"P57","Group2",1,"I","Hello! We need to make progress on our recycling awareness project. Who starts with what?","I_1.wav"
"P57","Group2",2,"P","I can research local recycling statistics.","P_2.wav"
"P57","Group2",3,"SA","Perfect, I’ll outline the project timeline.","SA_3.wav"
"P57","Group2",4,"I","And what about the graphic design?","I_4.wav"
"P57","Group2",5,"P","I will create the main visual concept.","P_5.wav"
"P57","Group2",6,"SA","Great. I can suggest color palettes for the posters.","SA_6.wav"
"P57","Group2",7,"I","Who wants to take care of the texts?","I_7.wav"
"P57","Group2",8,"P","I’ll write short educational blurbs.","P_8.wav"
"P57","Group2",9,"SA","Very well, I’ll draft a few catchy headings.","SA_9.wav"
"P57","Group2",10,"I","We should set a first meeting to review everything.","I_10.wav"
"P57","Group2",11,"P","Yes, I’ll book a conference room.","P_11.wav"
"P57","Group2",12,"SA","I’ll prepare a list of necessary materials.","SA_12.wav"
"P57","Group2",13,"I","Alice can create initial sketches for the illustrations.","I_13.wav"
"P57","Group2",14,"P","Great, thanks! I’ll make a mood board to inspire the team.","P_14.wav"
"P57","Group2",15,"SA","Who wants to propose a slogan for the campaign?","SA_15.wav"
"P57","Group2",16,"I","I can brainstorm some ideas.","I_16.wav"
"P57","Group2",17,"P","I’ll list potential taglines for social media.","P_17.wav"
"P57","Group2",18,"SA","And what about flyers and distribution?","SA_18.wav"
"P57","Group2",19,"I","I can organize locations for poster placement.","I_19.wav"
"P57","Group2",20,"P","I’ll design a template for the newsletter.","P_20.wav"
"P57","Group2",21,"SA","Remember to document progress for the report.","SA_21.wav"
"P57","Group2",22,"I","Yes, I’ll keep track of all sources.","I_22.wav"
"P57","Group2",23,"P","I’ll compile feedback from team members.","P_23.wav"
"P57","Group2",24,"SA","We could do a trial run of our presentation.","SA_24.wav"
"P57","Group2",25,"I","Good idea, I can set up the projector and slides.","I_25.wav"
"P57","Group2",26,"P","I’ll take photos of the draft materials for reference.","P_26.wav"
"P57","Group2",27,"SA","And who will manage social media updates?","SA_27.wav"
"P57","Group2",28,"I","No problem, I can schedule posts.","I_28.wav"
"P57","Group2",29,"P","Perfect, I’ll prepare a short summary for the stakeholders.","P_29.wav"
"P57","Group2",30,"SA","Very well. We’ll meet on Thursday to review everything.","SA_30.wav"
"P58","Group2",1,"I","Hello! We need to make progress on our recycling awareness project. Who starts with what?","I_1.wav"
"P58","Group2",2,"P","I can research local recycling statistics.","P_2.wav"
"P58","Group2",3,"SA","Perfect, I’ll outline the project timeline.","SA_3.wav"
"P58","Group2",4,"I","And what about the graphic design?","I_4.wav"
"P58","Group2",5,"P","I will create the main visual concept.","P_5.wav"
"P58","Group2",6,"SA","Great. I can suggest color palettes for the posters.","SA_6.wav"
"P58","Group2",7,"I","Who wants to take care of the texts?","I_7.wav"
"P58","Group2",8,"P","I’ll write short educational blurbs.","P_8.wav"
"P58","Group2",9,"SA","Very well, I’ll draft a few catchy headings.","SA_9.wav"
"P58","Group2",10,"I","We should set a first meeting to review everything.","I_10.wav"
"P58","Group2",11,"P","Yes, I’ll book a conference room.","P_11.wav"
"P58","Group2",12,"SA","I’ll prepare a list of necessary materials.","SA_12.wav"
"P58","Group2",13,"I","Alice can create initial sketches for the illustrations.","I_13.wav"
"P58","Group2",14,"P","Great, thanks! I’ll make a mood board to inspire the team.","P_14.wav"
"P58","Group2",15,"SA","Who wants to propose a slogan for the campaign?","SA_15.wav"
"P58","Group2",16,"I","I can brainstorm some ideas.","I_16.wav"
"P58","Group2",17,"P","I’ll list potential taglines for social media.","P_17.wav"
"P58","Group2",18,"SA","And what about flyers and distribution?","SA_18.wav"
"P58","Group2",19,"I","I can organize locations for poster placement.","I_19.wav"
"P58","Group2",20,"P","I’ll design a template for the newsletter.","P_20.wav"
"P58","Group2",21,"SA","Remember to document progress for the report.","SA_21.wav"
"P58","Group2",22,"I","Yes, I’ll keep track of all sources.","I_22.wav"
"P58","Group2",23,"P","I’ll compile feedback from team members.","P_23.wav"
"P58","Group2",24,"SA","We could do a trial run of our presentation.","SA_24.wav"
"P58","Group2",25,"I","Good idea, I can set up the projector and slides.","I_25.wav"
"P58","Group2",26,"P","I’ll take photos of the draft materials for reference.","P_26.wav"
"P58","Group2",27,"SA","And who will manage social media updates?","SA_27.wav"
"P58","Group2",28,"I","No problem, I can schedule posts.","I_28.wav"
"P58","Group2",29,"P","Perfect, I’ll prepare a short summary for the stakeholders.","P_29.wav"
"P58","Group2",30,"SA","Very well. We’ll meet on Thursday to review everything.","SA_30.wav"
"P59","Group2",1,"P","Hello! We need to make progress on our recycling awareness project. Who starts with what?","P_1.wav"
"P59","Group2",2,"SA","I can research local recycling statistics.","SA_2.wav"
"P59","Group2",3,"I","Perfect, I’ll outline the project timeline.","I_3.wav"
"P59","Group2",4,"P","And what about the graphic design?","P_4.wav"
"P59","Group2",5,"SA","I will create the main visual concept.","SA_5.wav"
"P59","Group2",6,"I","Great. I can suggest color palettes for the posters.","I_6.wav"
"P59","Group2",7,"P","Who wants to take care of the texts?","P_7.wav"
"P59","Group2",8,"SA","I’ll write short educational blurbs.","SA_8.wav"
"P59","Group2",9,"I","Very well, I’ll draft a few catchy headings.","I_9.wav"
"P59","Group2",10,"P","We should set a first meeting to review everything.","P_10.wav"
"P59","Group2",11,"SA","Yes, I’ll book a conference room.","SA_11.wav"
"P59","Group2",12,"I","I’ll prepare a list of necessary materials.","I_12.wav"
"P59","Group2",13,"P","Alice can create initial sketches for the illustrations.","P_13.wav"
"P59","Group2",14,"SA","Great, thanks! I’ll make a mood board to inspire the team.","SA_14.wav"
"P59","Group2",15,"I","Who wants to propose a slogan for the campaign?","I_15.wav"
"P59","Group2",16,"P","I can brainstorm some ideas.","P_16.wav"
"P59","Group2",17,"SA","I’ll list potential taglines for social media.","SA_17.wav"
"P59","Group2",18,"I","And what about flyers and distribution?","I_18.wav"
"P59","Group2",19,"P","I can organize locations for poster placement.","P_19.wav"
"P59","Group2",20,"SA","I’ll design a template for the newsletter.","SA_20.wav"
"P59","Group2",21,"I","Remember to document progress for the report.","I_21.wav"
"P59","Group2",22,"P","Yes, I’ll keep track of all sources.","P_22.wav"
"P59","Group2",23,"SA","I’ll compile feedback from team members.","SA_23.wav"
"P59","Group2",24,"I","We could do a trial run of our presentation.","I_24.wav"
"P59","Group2",25,"P","Good idea, I can set up the projector and slides.","P_25.wav"
"P59","Group2",26,"SA","I’ll take photos of the draft materials for reference.","SA_26.wav"
"P59","Group2",27,"I","And who will manage social media updates?","I_27.wav"
"P59","Group2",28,"P","No problem, I can schedule posts.","P_28.wav"
"P59","Group2",29,"SA","Perfect, I’ll prepare a short summary for the stakeholders.","SA_29.wav"
"P59","Group2",30,"I","Very well. We’ll meet on Thursday to review everything.","I_30.wav"
"P60","Group2",1,"SA","Hello! We need to make progress on our recycling awareness project. Who starts with what?","SA_1.wav"
"P60","Group2",2,"I","I can research local recycling statistics.","I_2.wav"
"P60","Group2",3,"P","Perfect, I’ll outline the project timeline.","P_3.wav"
"P60","Group2",4,"SA","And what about the graphic design?","SA_4.wav"
"P60","Group2",5,"I","I will create the main visual concept.","I_5.wav"
"P60","Group2",6,"P","Great. I can suggest color palettes for the posters.","P_6.wav"
"P60","Group2",7,"SA","Who wants to take care of the texts?","SA_7.wav"
"P60","Group2",8,"I","I’ll write short educational blurbs.","I_8.wav"
"P60","Group2",9,"P","Very well, I’ll draft a few catchy headings.","P_9.wav"
"P60","Group2",10,"SA","We should set a first meeting to review everything.","SA_10.wav"
"P60","Group2",11,"I","Yes, I’ll book a conference room.","I_11.wav"
"P60","Group2",12,"P","I’ll prepare a list of necessary materials.","P_12.wav"
"P60","Group2",13,"SA","Alice can create initial sketches for the illustrations.","SA_13.wav"
"P60","Group2",14,"I","Great, thanks! I’ll make a mood board to inspire the team.","I_14.wav"
"P60","Group2",15,"P","Who wants to propose a slogan for the campaign?","P_15.wav"
"P60","Group2",16,"SA","I can brainstorm some ideas.","SA_16.wav"
"P60","Group2",17,"I","I’ll list potential taglines for social media.","I_17.wav"
"P60","Group2",18,"P","And what about flyers and distribution?","P_18.wav"
"P60","Group2",19,"SA","I can organize locations for poster placement.","SA_19.wav"
"P60","Group2",20,"I","I’ll design a template for the newsletter.","I_20.wav"
"P60","Group2",21,"P","Remember to document progress for the report.","P_21.wav"
"P60","Group2",22,"SA","Yes, I’ll keep track of all sources.","SA_22.wav"
"P60","Group2",23,"I","I’ll compile feedback from team members.","I_23.wav"
"P60","Group2",24,"P","We could do a trial run of our presentation.","P_24.wav"
"P60","Group2",25,"SA","Good idea, I can set up the projector and slides.","SA_25.wav"
"P60","Group2",26,"I","I’ll take photos of the draft materials for reference.","I_26.wav"
"P60","Group2",27,"P","And who will manage social media updates?","P_27.wav"
"P60","Group2",28,"SA","No problem, I can schedule posts.","SA_28.wav"
"P60","Group2",29,"I","Perfect, I’ll prepare a short summary for the stakeholders.","I_29.wav"
"P60","Group2",30,"P","Very well. We’ll meet on Thursday to review everything.","P_30.wav"
"P61","Group2",1,"I","Hello! We need to make progress on our recycling awareness project. Who starts with what?","I_1.wav"
"P61","Group2",2,"P","I can research local recycling statistics.","P_2.wav"
"P61","Group2",3,"SA","Perfect, I’ll outline the project timeline.","SA_3.wav"
"P61","Group2",4,"I","And what about the graphic design?","I_4.wav"
"P61","Group2",5,"P","I will create the main visual concept.","P_5.wav"
"P61","Group2",6,"SA","Great. I can suggest color palettes for the posters.","SA_6.wav"
"P61","Group2",7,"I","Who wants to take care of the texts?","I_7.wav"
"P61","Group2",8,"P","I’ll write short educational blurbs.","P_8.wav"
"P61","Group2",9,"SA","Very well, I’ll draft a few catchy headings.","SA_9.wav"
"P61","Group2",10,"I","We should set a first meeting to review everything.","I_10.wav"
"P61","Group2",11,"P","Yes, I’ll book a conference room.","P_11.wav"
"P61","Group2",12,"SA","I’ll prepare a list of necessary materials.","SA_12.wav"
"P61","Group2",13,"I","Alice can create initial sketches for the illustrations.","I_13.wav"
"P61","Group2",14,"P","Great, thanks! I’ll make a mood board to inspire the team.","P_14.wav"
"P61","Group2",15,"SA","Who wants to propose a slogan for the campaign?","SA_15.wav"
"P61","Group2",16,"I","I can brainstorm some ideas.","I_16.wav"
"P61","Group2",17,"P","I’ll list potential taglines for social media.","P_17.wav"
"P61","Group2",18,"SA","And what about flyers and distribution?","SA_18.wav"
"P61","Group2",19,"I","I can organize locations for poster placement.","I_19.wav"
"P61","Group2",20,"P","I’ll design a template for the newsletter.","P_20.wav"
"P61","Group2",21,"SA","Remember to document progress for the report.","SA_21.wav"
"P61","Group2",22,"I","Yes, I’ll keep track of all sources.","I_22.wav"
"P61","Group2",23,"P","I’ll compile feedback from team members.","P_23.wav"
"P61","Group2",24,"SA","We could do a trial run of our presentation.","SA_24.wav"
"P61","Group2",25,"I","Good idea, I can set up the projector and slides.","I_25.wav"
"P61","Group2",26,"P","I’ll take photos of the draft materials for reference.","P_26.wav"
"P61","Group2",27,"SA","And who will manage social media updates?","SA_27.wav"
"P61","Group2",28,"I","No problem, I can schedule posts.","I_28.wav"
"P61","Group2",29,"P","Perfect, I’ll prepare a short summary for the stakeholders.","P_29.wav"
"P61","Group2",30,"SA","Very well. We’ll meet on Thursday to review everything.","SA_30.wav"
"P62","Group2",1,"P","Hello! We need to make progress on our recycling awareness project. Who starts with what?","P_1.wav"
"P62","Group2",2,"SA","I can research local recycling statistics.","SA_2.wav"
"P62","Group2",3,"I","Perfect, I’ll outline the project timeline.","I_3.wav"
"P62","Group2",4,"P","And what about the graphic design?","P_4.wav"
"P62","Group2",5,"SA","I will create the main visual concept.","SA_5.wav"
"P62","Group2",6,"I","Great. I can suggest color palettes for the posters.","I_6.wav"
"P62","Group2",7,"P","Who wants to take care of the texts?","P_7.wav"
"P62","Group2",8,"SA","I’ll write short educational blurbs.","SA_8.wav"
"P62","Group2",9,"I","Very well, I’ll draft a few catchy headings.","I_9.wav"
"P62","Group2",10,"P","We should set a first meeting to review everything.","P_10.wav"
"P62","Group2",11,"SA","Yes, I’ll book a conference room.","SA_11.wav"
"P62","Group2",12,"I","I’ll prepare a list of necessary materials.","I_12.wav"
"P62","Group2",13,"P","Alice can create initial sketches for the illustrations.","P_13.wav"
"P62","Group2",14,"SA","Great, thanks! I’ll make a mood board to inspire the team.","SA_14.wav"
"P62","Group2",15,"I","Who wants to propose a slogan for the campaign?","I_15.wav"
"P62","Group2",16,"P","I can brainstorm some ideas.","P_16.wav"
"P62","Group2",17,"SA","I’ll list potential taglines for social media.","SA_17.wav"
"P62","Group2",18,"I","And what about flyers and distribution?","I_18.wav"
"P62","Group2",19,"P","I can organize locations for poster placement.","P_19.wav"
"P62","Group2",20,"SA","I’ll design a template for the newsletter.","SA_20.wav"
"P62","Group2",21,"I","Remember to document progress for the report.","I_21.wav"
"P62","Group2",22,"P","Yes, I’ll keep track of all sources.","P_22.wav"
"P62","Group2",23,"SA","I’ll compile feedback from team members.","SA_23.wav"
"P62","Group2",24,"I","We could do a trial run of our presentation.","I_24.wav"
"P62","Group2",25,"P","Good idea, I can set up the projector and slides.","P_25.wav"
"P62","Group2",26,"SA","I’ll take photos of the draft materials for reference.","SA_26.wav"
"P62","Group2",27,"I","And who will manage social media updates?","I_27.wav"
"P62","Group2",28,"P","No problem, I can schedule posts.","P_28.wav"
"P62","Group2",29,"SA","Perfect, I’ll prepare a short summary for the stakeholders.","SA_29.wav"
"P62","Group2",30,"I","Very well. We’ll meet on Thursday to review everything.","I_30.wav"
"P63","Group2",1,"I","Hello! We need to make progress on our recycling awareness project. Who starts with what?","I_1.wav"
"P63","Group2",2,"P","I can research local recycling statistics.","P_2.wav"
"P63","Group2",3,"SA","Perfect, I’ll outline the project timeline.","SA_3.wav"
"P63","Group2",4,"I","And what about the graphic design?","I_4.wav"
"P63","Group2",5,"P","I will create the main visual concept.","P_5.wav"
"P63","Group2",6,"SA","Great. I can suggest color palettes for the posters.","SA_6.wav"
"P63","Group2",7,"I","Who wants to take care of the texts?","I_7.wav"
"P63","Group2",8,"P","I’ll write short educational blurbs.","P_8.wav"
"P63","Group2",9,"SA","Very well, I’ll draft a few catchy headings.","SA_9.wav"
"P63","Group2",10,"I","We should set a first meeting to review everything.","I_10.wav"
"P63","Group2",11,"P","Yes, I’ll book a conference room.","P_11.wav"
"P63","Group2",12,"SA","I’ll prepare a list of necessary materials.","SA_12.wav"
"P63","Group2",13,"I","Alice can create initial sketches for the illustrations.","I_13.wav"
"P63","Group2",14,"P","Great, thanks! I’ll make a mood board to inspire the team.","P_14.wav"
"P63","Group2",15,"SA","Who wants to propose a slogan for the campaign?","SA_15.wav"
"P63","Group2",16,"I","I can brainstorm some ideas.","I_16.wav"
"P63","Group2",17,"P","I’ll list potential taglines for social media.","P_17.wav"
"P63","Group2",18,"SA","And what about flyers and distribution?","SA_18.wav"
"P63","Group2",19,"I","I can organize locations for poster placement.","I_19.wav"
"P63","Group2",20,"P","I’ll design a template for the newsletter.","P_20.wav"
"P63","Group2",21,"SA","Remember to document progress for the report.","SA_21.wav"
"P63","Group2",22,"I","Yes, I’ll keep track of all sources.","I_22.wav"
"P63","Group2",23,"P","I’ll compile feedback from team members.","P_23.wav"
"P63","Group2",24,"SA","We could do a trial run of our presentation.","SA_24.wav"
"P63","Group2",25,"I","Good idea, I can set up the projector and slides.","I_25.wav"
"P63","Group2",26,"P","I’ll take photos of the draft materials for reference.","P_26.wav"
"P63","Group2",27,"SA","And who will manage social media updates?","SA_27.wav"
"P63","Group2",28,"I","No problem, I can schedule posts.","I_28.wav"
"P63","Group2",29,"P","Perfect, I’ll prepare a short summary for the stakeholders.","P_29.wav"
"P63","Group2",30,"SA","Very well. We’ll meet on Thursday to review everything.","SA_30.wav"
"P64","Group2",1,"I","Hello! We need to make progress on our recycling awareness project. Who starts with what?","I_1.wav"
"P64","Group2",2,"P","I can research local recycling statistics.","P_2.wav"
"P64","Group2",3,"SA","Perfect, I’ll outline the project timeline.","SA_3.wav"
"P64","Group2",4,"I","And what about the graphic design?","I_4.wav"
"P64","Group2",5,"P","I will create the main visual concept.","P_5.wav"
"P64","Group2",6,"SA","Great. I can suggest color palettes for the posters.","SA_6.wav"
"P64","Group2",7,"I","Who wants to take care of the texts?","I_7.wav"
"P64","Group2",8,"P","I’ll write short educational blurbs.","P_8.wav"
"P64","Group2",9,"SA","Very well, I’ll draft a few catchy headings.","SA_9.wav"
"P64","Group2",10,"I","We should set a first meeting to review everything.","I_10.wav"
"P64","Group2",11,"P","Yes, I’ll book a conference room.","P_11.wav"
"P64","Group2",12,"SA","I’ll prepare a list of necessary materials.","SA_12.wav"
"P64","Group2",13,"I","Alice can create initial sketches for the illustrations.","I_13.wav"
"P64","Group2",14,"P","Great, thanks! I’ll make a mood board to inspire the team.","P_14.wav"
"P64","Group2",15,"SA","Who wants to propose a slogan for the campaign?","SA_15.wav"
"P64","Group2",16,"I","I can brainstorm some ideas.","I_16.wav"
"P64","Group2",17,"P","I’ll list potential taglines for social media.","P_17.wav"
"P64","Group2",18,"SA","And what about flyers and distribution?","SA_18.wav"
"P64","Group2",19,"I","I can organize locations for poster placement.","I_19.wav"
"P64","Group2",20,"P","I’ll design a template for the newsletter.","P_20.wav"
"P64","Group2",21,"SA","Remember to document progress for the report.","SA_21.wav"
"P64","Group2",22,"I","Yes, I’ll keep track of all sources.","I_22.wav"
"P64","Group2",23,"P","I’ll compile feedback from team members.","P_23.wav"
"P64","Group2",24,"SA","We could do a trial run of our presentation.","SA_24.wav"
"P64","Group2",25,"I","Good idea, I can set up the projector and slides.","I_25.wav"
"P64","Group2",26,"P","I’ll take photos of the draft materials for reference.","P_26.wav"
"P64","Group2",27,"SA","And who will manage social media updates?","SA_27.wav"
"P64","Group2",28,"I","No problem, I can schedule posts.","I_28.wav"
"P64","Group2",29,"P","Perfect, I’ll prepare a short summary for the stakeholders.","P_29.wav"
"P64","Group2",30,"SA","Very well. We’ll meet on Thursday to review everything.","SA_30.wav"
